# rootname919,Mo,No,psffwhm,asecpix,skybg,skybgstd,x0peak,y0peak,x0col,y0col,x0A1fit,y0A1fit,x0A3fit,y0A3fit,a,b,PAdeg,InFit1D,RnFit1D,nFit1D,xsin,x0Fit2D,y0Fit2D,InFit2D,RnFit2D,nFit2D,qFit2D,PAFit2D,LT,R10,R20,R30,R40,R50,R60,R70,R80,R90,Rp,C1,C2,BGmedian,A_e,A0,A1,A2,A3,A4,S1,S3,G,M20,psi,sigma_psi,H,IRkurvmedian,IRkurvmad,QF,TVangledeg,TVsize
2dFGRSTGS471Z004_F378_450px,450.0,450.0,5.7562489,0.77781746,-4.2301E-4,0.01250117,225.5010643,228.50125867,226.15737538,228.90100245,225.77913843,230.04020232,223.82415862,230.45703131,15.24509512,12.270142,129.13728393,0.01333196,20.29379513,0.5,94.99145859,226.00217913,229.64001865,0.012794,20.14141608,0.5604758,0.84001828,131.75317977,45.65723419,8.56148408,12.58452506,16.15441457,19.10981266,22.50823326,26.14646891,30.45524209,40.85925276,54.45174546,33.73118598,0.51145359,0.3836704,0.99435527,2.7372E-4,0.17629343,0.00846357,0.97668059,0.56953639,2.27820498,0.00387131,0.90547542,0.53511052,0.14182522,1.57070887,0.69740546,0.85540911,0.71722651,6.13862545,0.0,-148.6553800933421,0.7684655642118542
2dFGRSTGS471Z004_F395_450px,450.0,450.0,5.17271233,0.77781746,-6.0224E-4,0.01952809,225.50095734,228.50025529,226.82111725,228.52095972,225.99328887,231.2487778,222.59963282,232.13001079,14.91945491,11.53974804,137.73376806,0.00613657,33.99999391,1.12836199,26.67682635,226.52509449,229.00410899,0.01601638,21.20688322,0.47614679,0.73077358,140.66965969,41.39555359,8.0609314,11.50634627,14.03055733,16.61779392,19.07963531,21.83938975,24.3403558,26.93157602,30.99187954,36.75818447,0.36932433,0.21067785,1.07733612,4.715E-4,0.11957224,0.0032641,0.9208275,0.68716576,3.59191368,0.00469096,0.88612644,0.51450244,0.2467142,1.57513657,0.6849971,0.87121423,-0.62790515,3.7449772,0.0,-179.1014882124533,1.320322256645233
2dFGRSTGS471Z004_F410_450px,450.0,450.0,4.33563367,0.77781746,-4.331E-4,0.04616137,226.50083209,228.50113014,227.47827655,228.72951057,226.24919771,231.93309595,226.13397718,229.4040348,16.69086936,13.19989013,138.93764275,0.03691295,21.25931347,0.51644075,90.42141764,226.04783861,229.71361331,0.03219359,23.13969485,0.65765905,0.75528229,143.02950905,138.96244812,9.22628317,13.11867785,16.45033889,19.93605376,23.34920364,27.36786732,34.54687361,42.98809175,53.99820227,33.21549722,0.5154581,0.36410723,1.0366593,3.3206E-4,0.14715773,0.00265866,0.91566679,0.60688102,3.0219946,0.00261285,0.94470617,0.52353755,0.21756421,1.54177698,0.67436875,0.87939584,2.61940628,7.36096425,0.0,-166.8487424656439,1.0037705381170108
2dFGRSTGS471Z004_F430_450px,450.0,450.0,4.1792037,0.77781746,5.5142E-4,0.04858524,224.50131198,229.50095907,225.26681345,229.59657263,226.49917087,231.05013732,226.21851539,229.15134204,15.41636656,11.87074097,135.88802362,0.0407224,20.98102113,0.58138172,11.75921083,225.5239537,230.86349305,0.03754612,21.32009044,0.67826317,0.79514237,145.62162424,117.75301361,7.64878894,11.09940068,14.25835359,16.82857183,19.39685819,21.95516563,25.05817848,28.32479489,32.69930252,32.77619728,0.40686724,0.2268071,1.06414719,4.1241E-4,0.10380511,0.00381357,0.92788134,0.59315239,2.3536885,0.00296099,0.87105171,0.53075219,0.20489703,1.55500068,0.67233183,0.87746051,-0.86974394,6.57618807,0.0,-172.8804463087411,0.7714495793167827
2dFGRSTGS471Z004_F515_450px,450.0,450.0,3.89533579,0.77781746,-1.236E-4,0.05140863,225.50115449,229.50143938,226.59588421,229.96186115,225.82455926,231.22268042,224.68088723,231.93003622,17.30079449,12.7126661,149.40171546,0.05442123,22.30492721,0.52288085,24.63309993,225.55438281,230.47967072,0.04841953,23.6116653,0.64957755,0.72974633,148.73072959,194.7638855,9.01295885,13.36418798,16.71268393,19.73741527,23.1887665,26.96768006,31.178863,37.96165915,48.93383272,39.75434769,0.45340261,0.32433159,1.03172692,2.6387E-4,0.13642684,0.00672352,0.91038745,0.6319248,2.98737545,0.00577644,0.8467796,0.54515355,0.10296749,1.55643323,0.67400396,0.86764839,-0.09336967,7.14595024,0.0,-157.18933627107234,1.187611622602789
2dFGRSTGS471Z004_F660_450px,450.0,450.0,3.55152017,0.77781746,3.945E-5,0.01533563,225.50151373,227.50055947,226.52266872,227.63336138,227.19226549,229.31316374,228.39071027,229.22660642,17.38602296,13.23880759,137.1692607,0.04465037,24.46107591,0.50000003,17.36935778,226.23995294,227.15240508,0.05865035,22.12925473,0.34674577,0.70585331,136.3739873,183.55389404,9.53857645,13.83338022,17.27124886,20.35550727,23.55726856,27.03480964,30.09248202,35.20971496,50.03814298,38.99204531,0.4057342,0.32717625,0.68834215,8.353E-5,0.26561589,0.05771185,0.88669538,0.41719283,2.64093425,0.02134882,0.56749326,0.63866452,-0.6033711,1.57127142,0.54303528,0.72423241,0.16918595,6.60292586,0.0,-172.5902318694965,1.0297542720967812
2dFGRSTGS471Z004_F861_450px,450.0,450.0,3.70558861,0.77781746,8.805E-4,0.07113807,226.50131998,230.50034952,227.4337504,230.93300332,226.26446702,233.68501125,229.86262746,228.48130367,7.70136296,6.69943047,165.3461334,0.05620984,21.32988397,0.60326619,64.83581369,226.45507347,230.77092258,0.04734396,26.98766099,0.75938698,0.6621341,143.97378104,255.12561035,9.00628819,12.90842523,16.40589513,20.15596058,24.50365297,29.46328067,36.82671626,46.40199542,59.96367735,39.82664493,0.55566339,0.38865743,1.03247842,2.7874E-4,0.19083432,0.0071831,0.98090249,0.65265583,2.58098111,0.0052645,0.72881308,0.53086852,0.25716127,1.57700197,0.66773402,0.85596914,1.06620666,6.04838046,0.0,-155.10839217989,1.0279181868202565
2dFGRSTGS471Z004_G_450px,450.0,450.0,4.20138572,0.77781746,0.00147084,0.14102063,226.50019121,229.50038185,226.54280783,229.29987596,225.62702564,231.64863933,223.16851087,233.12629732,17.24547402,12.53419162,138.91483265,0.34885694,21.0696526,0.49999993,153.82225815,226.40271915,230.00742073,0.37299018,20.04857492,0.48047217,0.74189467,141.74500744,1126.36376953,8.61428815,12.78028112,16.1150364,19.20640103,22.35552494,25.91815741,30.29207154,37.35410612,54.74187514,37.99732425,0.46579794,0.3889348,0.82468003,1.2518E-4,0.18216545,0.02220485,0.81269768,0.52288778,0.5394718,0.0081295,0.72846897,0.60210598,-0.53877776,1.59190762,0.52126034,0.84320884,-1.75098062,3.90608437,0.0,101.99939232577418,0.2049848487691489
2dFGRSTGS471Z004_I_450px,450.0,450.0,3.55581933,0.77781746,-0.00562871,0.16068785,226.50137235,229.50036919,227.18886628,229.4884591,226.49980335,231.09436327,229.15194311,230.15401803,14.97085913,10.90344557,139.51515435,0.33216727,21.30879333,0.51351693,22.38238441,226.98373735,230.40260344,0.30292226,22.64575786,0.6128966,0.69835494,141.41979777,1077.09875488,8.58899629,12.82884865,16.10962469,19.32204651,22.31478596,25.83482416,29.82262553,36.60018528,49.28368679,36.63498729,0.4552956,0.34411046,0.82887303,1.4915E-4,0.22449709,0.02194942,0.95549336,0.49978164,1.87688636,0.00812139,0.62669276,0.58231884,-0.15185906,1.55541282,0.55393479,0.79802833,-0.4123914,4.75090061,0.0,179.00751174297457,0.6875970869853038
2dFGRSTGS471Z004_R_450px,450.0,450.0,3.48278782,0.77781746,-0.00975434,0.14163612,226.50027872,229.50021743,226.51505965,229.29195459,225.53436917,231.96813026,230.35753817,227.51139163,17.80167901,13.04396045,141.29773351,0.38371639,21.51134685,0.49999994,75.29487206,226.28751207,230.00071057,0.38425165,21.51184329,0.52386241,0.72277302,139.62866606,1336.89025879,9.13096618,13.34057556,16.91190961,19.96169721,23.1828406,27.25349987,32.26938032,42.55936121,56.56537444,37.41241573,0.50382053,0.38738402,0.760195,1.0593E-4,0.2088749,0.02781026,0.91376882,0.46302472,0.55806793,0.01092763,0.65179908,0.60176195,-0.48517814,1.59989836,0.52433879,0.8504492,-1.0083E-4,4.63165356,0.0,94.05961639562148,0.20878670076547473
2dFGRSTGS471Z004_U_450px,450.0,450.0,6.37741357,0.77781746,-5.3779E-4,0.01562582,225.50072684,228.50079789,226.06596574,228.49208246,225.38591564,231.54733923,225.42734464,233.31043094,15.37124491,12.93659602,145.52774731,0.02036498,19.25136804,0.50000001,9.4314557,225.70194469,229.42362944,0.02174237,18.01988691,0.51096204,0.8808011,154.41573106,57.15162277,7.66834753,11.07825452,13.81045762,16.47210731,19.10737274,21.96703684,25.14413279,28.93223642,35.79150555,32.65274475,0.41691067,0.27257899,0.97457235,2.7332E-4,0.20183845,0.01184613,0.9481527,0.61575356,1.73126667,0.00440471,0.87476785,0.56041985,0.08820442,1.56876227,0.61576539,0.86461286,-1.16175742,4.60713891,0.0,179.1166251985309,0.5653060877023097
2dFGRSTGS471Z004_Z_450px,450.0,450.0,3.73080237,0.77781746,-4.6989E-4,0.17499872,226.50093799,230.50125766,226.98237421,231.22309606,227.49529918,232.76565536,226.69667197,232.25321158,11.19323577,9.59531262,137.0713635,0.06334282,41.99999987,1.32917883,16.70037975,227.11606121,231.82736107,0.15943296,20.19510029,0.70779932,0.98589297,141.81314875,589.68664551,7.60578536,11.46156734,14.21355139,16.73060654,19.53867853,22.59815447,25.88107442,29.62935035,36.05513583,33.80326616,0.41247812,0.26607195,0.98141929,2.9666E-4,0.20746366,0.00822251,0.9769809,0.63089234,2.56678936,0.00475271,0.69277955,0.53934411,0.15197059,1.55819623,0.66404714,0.80469615,0.69643553,4.11211331,8.0,-123.70163989628156,0.8676586365860832
2MASXJ03150668-3343490_R_450px,450.0,450.0,6.18226999,0.77781746,-0.00471345,0.1366971,233.5007768,230.5002639,251.15061694,249.9977473,234.38918253,231.06068985,235.76813647,230.65149013,47.47689801,16.78579447,50.15921991,0.541684,60.38970594,0.49999443,45.75560972,234.5845443,230.35188639,1.63740193,16.76587042,1.03816012,1.00136153,59.83167088,7958.49560547,25.79527915,30.73125402,38.16645386,47.13461581,58.45667951,73.16769297,82.31868486,84.1988068,100.94750976,89.95959065,0.43772565,0.23726147,0.74609495,1.717E-5,0.58986091,0.1231238,0.12635121,0.80250533,29.23489888,0.13300706,0.3729593,0.80432923,-1.36214078,1.57311862,0.54281026,0.52627286,0.56024483,4.219059,64.0,-132.15255411480916,26.2995953562185
2MASXJ03235400-3730449_R_450px,450.0,450.0,4.88064179,0.77781746,0.00667527,0.20486577,196.50055457,215.50101798,206.89583607,226.17874253,197.62001777,221.2478057,202.26625107,223.17281341,41.06938434,23.72178996,42.74815516,1.31094676,45.59875026,0.49999423,137.38619503,196.26377553,215.9691121,1.48691134,30.81932395,0.67780237,1.00091222,26.21995807,16996.11328125,20.1441695,28.05485905,34.75745374,42.18495156,50.60398034,61.16647372,76.09007282,99.21118355,109.15217424,109.61325863,0.54855254,0.33384771,0.71101212,1.205E-5,0.32948411,0.25236872,0.52502357,0.57386517,13.59525665,0.1710101,0.41664918,0.77827516,-0.22145271,1.58378211,0.47963831,0.22453964,0.8108506,2.94973976,64.0,-134.23210641544918,14.902203831310153
2MASXJ03325811-3531462_R_450px,450.0,450.0,3.8523013,0.77781746,-0.00255816,0.15837063,201.50039891,217.5019728,201.45735097,218.17624364,202.07974642,218.85446159,202.59828927,219.08800612,15.59263336,10.41003213,12.40209503,2.74463684,13.50179419,0.65300413,19.0331652,201.69125117,218.31697056,2.97545569,14.90609804,0.63545403,0.50437216,10.6111757,3444.59545898,4.88583958,7.5073257,9.59555759,11.64272814,13.68269889,16.01380648,18.85641684,22.78750911,29.17942646,27.60305089,0.4822116,0.32890498,0.20821172,4.596E-5,0.11883682,0.02657898,0.18468207,0.11816044,2.44771352,0.0098063,0.62307857,0.72052881,-1.16773211,1.55670153,0.5760157,0.71038832,-0.38562888,1.63891267,0.0,-86.34698374334197,0.6756436122783506
2MASXJ10280313-3526317_R_450px,450.0,450.0,4.28766395,0.77781746,-0.0021848,0.05585726,244.50181083,265.50089753,243.60846501,262.90623425,247.6482102,269.74884357,247.07906765,268.80644236,15.25995343,5.58526812,60.00638787,4.97141763,11.00000238,0.49994305,66.39588777,247.31297012,268.97228484,217.75906316,2.79242334,21.00000176,0.07629505,9.20884915,3238.828125,5.27130556,6.25365231,6.7448932,7.18345239,7.64700148,8.25306579,9.0002407,9.53876712,10.20615822,6.92725685,0.18335851,0.12537112,0.00152222,1.69E-5,0.33816229,0.00606452,0.99853693,0.01973481,39.61376548,6.7228E-4,0.16965926,0.77396055,-Infinity,1.58328944,0.10679715,0.44542263,-0.02637698,1.57300008,72.0,71.00135021656634,2.744147279336817
2MASXJ10292838-3440214_R_450px,450.0,450.0,2.36967407,0.77781746,-0.00672966,0.0744973,219.50167683,222.50046929,219.00662475,224.66068891,218.7353233,225.92624806,219.4692188,226.28728578,3.8128376,3.12141402,147.89095178,1.8471585,6.80425065,1.22847763,38.60259433,218.2709558,225.37840146,0.80764114,10.79459926,3.34029671,0.6637818,152.82051892,1020.70300293,1.90306863,3.15249382,4.30732899,5.55596261,6.98586447,8.84232641,11.42295741,15.17845369,21.32958946,15.59320692,0.68257329,0.48476234,0.15760835,7.29E-5,0.05187345,4.7148E-4,0.99980494,0.08047594,14.21271914,0.00142189,0.38625009,0.71322197,-Infinity,1.57061535,0.06367588,0.47139871,0.65708727,0.88262049,64.0,-77.0925472086914,2.2162187095467947
2MASXJ10302530-3533483_R_450px,450.0,450.0,4.31756213,0.77781746,-0.00946615,0.04428521,216.5017322,225.50188059,217.15131685,226.41224172,218.14837718,226.38496284,216.87696288,227.76245442,10.83217091,6.2926518,138.14311865,0.69706588,23.66047071,1.04906207,9.6604332,217.50739652,226.12722556,0.95979359,25.40979233,0.80844958,0.36780151,138.35477895,2733.59179688,7.13725685,11.47103243,15.09576773,18.51495055,22.38454756,27.00855774,33.07256878,42.06607143,56.85682696,46.49088772,0.56432945,0.4048343,0.16955303,1.62E-5,0.17641533,0.00749411,0.98332693,0.09276943,2.40553562,0.00837723,0.22738956,0.71714638,-Infinity,1.57881583,0.15757222,0.57980754,0.22005279,2.66344303,0.0,-125.50960833140734,1.1183548652062463
2MASXJ10344507-3528144_R_450px,450.0,450.0,4.31756213,0.77781746,-0.00341411,0.04256372,296.50007255,173.50143027,295.09210293,173.12125583,301.35762249,176.43813535,302.4694055,183.94133432,11.88864975,3.84346039,29.00523628,2.1625063,6.99997709,26.24080785,272.89845307,302.12812005,175.68342437,23.98695584,16.54453481,21.0000027,0.00721712,164.31578062,2735.61694336,4.34047855,4.757429,5.17750384,5.63636873,6.02748297,6.34362476,6.64398618,6.97679523,7.4639029,4.90350125,0.16628366,0.09282999,3.7695E-4,1.461E-5,-3.548E-4,3.29E-6,0.91368938,0.0,29.74187704,4.8265E-4,0.18471363,0.98977523,-Infinity,1.57507196,0.06388826,0.12013515,-0.21055824,4.02441476,104.0,15.110433925516466,1.4583933130922875
2MASXJ10370719-2752211_R_450px,450.0,450.0,3.34190898,0.77781746,-0.0084456,0.05757034,219.50072776,225.50126074,219.84674816,226.17941283,220.27645721,226.37918193,220.76032653,226.26797011,11.7985643,10.71841201,20.32441165,0.39120312,21.33554865,2.81309971,11.30389084,219.99999563,225.99999917,0.42569905,18.9508998,2.71631841,1.00007163,51.64628103,2254.87695312,2.84247321,5.22087184,7.84048844,10.42348644,13.16269926,16.55690332,20.58392729,25.83125701,33.75279761,32.36055263,0.69440251,0.40896482,0.28066378,2.552E-5,0.1384872,0.01417779,0.99729064,0.25021435,2.35264227,0.01008544,0.30883016,0.79055914,-Infinity,1.57481555,0.14430446,0.37553335,0.57448384,1.49597584,0.0,-117.0324983334634,0.7613280333650764
2MFGC8182_R_450px,450.0,450.0,2.90054396,0.77781746,-0.00146933,0.11779881,225.50135376,227.50102149,226.26859233,227.80013056,225.63672622,228.10962004,226.90611653,228.3185579,15.22680476,8.40489146,29.47030884,0.89964164,16.88106162,0.76127565,15.63124239,227.77922742,229.92182398,1.36754264,17.94072687,0.57939149,0.32634213,35.20690339,1656.13330078,6.07275221,9.68059191,12.47654073,14.60239952,16.47623947,19.75760131,24.09012734,30.59763003,42.32071008,33.84484468,0.49978588,0.40969485,0.32754339,7.11E-5,0.23548429,0.03315407,0.86318232,0.13041781,2.43310671,0.02033691,0.54225888,0.69082302,-0.53093497,1.55899827,0.24388729,0.48220303,0.71732121,3.05339374,0.0,-158.70160429835698,0.8234811831802241
6dFGSgJ040053.2-351416_R_450px,450.0,450.0,4.00224165,0.77781746,0.00160211,0.11692774,222.50090078,218.50125025,250.60540497,221.25673665,303.03212283,210.45464806,227.70499341,217.10467709,42.77994433,11.79245115,5.82522836,0.37884725,62.99941897,0.49999723,36.91106293,222.51739965,222.63950958,1.16716387,22.61999752,0.89238675,0.44701695,138.32443165,4686.44677734,28.20556804,36.81222837,46.17304138,56.91657698,60.28702363,61.51523746,63.71652732,73.96904865,86.53347015,78.79331397,0.30305793,0.15696028,0.5199169,2.494E-5,0.4800831,0.15366875,1.00023218,0.6554557,35.83966653,0.03722261,0.3285261,0.7980449,0.01072235,1.58355717,0.40342453,0.38552797,0.62620156,2.64173398,64.0,-174.40037218553806,28.23926098654695
6dFGSgJ040520.4-364859_R_450px,450.0,450.0,5.48928517,0.77781746,-0.01081682,0.12693192,216.50200142,220.50117209,217.66155439,220.95193558,217.64955329,221.76506664,215.79262138,222.3709032,11.07143957,9.55283985,113.22747898,0.50082856,13.42415539,1.04195922,5.50943966,217.33058704,221.21801413,0.52249951,14.63390758,1.10813388,0.67515926,116.39332622,903.52258301,4.16843722,6.38307323,8.37558141,10.47644469,13.02404024,15.57610644,18.14749797,21.79470097,27.10783704,27.45612881,0.53332109,0.31834914,0.58679548,1.4043E-4,0.17229805,0.00234773,1.00033986,0.31250199,4.53117899,6.5716E-4,0.39247373,0.6696139,-Infinity,1.57988124,0.36665435,0.75768401,-0.09815614,2.49631288,0.0,-158.7569534664556,1.2440863370975392
6dFGSgJ103416.6-283406_R_450px,450.0,450.0,3.34190898,0.77781746,-0.00463828,0.05942032,236.50005684,223.50173819,236.43876373,224.41485764,236.9049849,224.44821965,237.64753337,225.12074122,10.18621954,8.04609767,160.10153864,1.35996987,10.43383881,0.77499376,8.26695061,236.44681496,223.45253171,1.28046068,10.75011343,0.93801257,0.74970978,163.25463951,1291.31787109,3.60610527,5.49283955,7.09945125,8.85430132,10.66569794,12.61094652,15.07917804,18.38805383,23.72982737,22.5998893,0.52473885,0.3473053,0.20818027,4.599E-5,0.16765727,0.02054495,0.9888096,0.14844399,4.04946355,0.00300425,0.33103076,0.76058674,-Infinity,1.57131188,0.08106823,0.62128305,0.08043593,1.4931446,0.0,-86.15978364960115,0.915174286844749
6dFGSgJ103645.4-281005_R_450px,450.0,450.0,3.34190898,0.77781746,-0.00208254,0.05705934,314.5001987,240.5019611,314.72323251,241.23799961,315.1278506,241.81534618,317.85817096,241.70916758,3.33737416,3.02636013,23.28772085,15.8213838,2.83507029,0.5000036,11.56987013,315.00010852,241.48311089,181.92015232,1.34849709,21.00001202,0.04739064,89.81156995,3028.23657227,1.0,1.0,1.0,1.05481422,1.26204595,1.50610624,1.80836331,2.21958139,2.92609229,2.72392469,0.34627107,0.36521285,5.6696E-4,1.799E-5,0.04216559,3.1679E-4,0.89812991,0.0,28.23456415,0.0,,0.74229984,-Infinity,1.57030806,0.03554626,0.40842319,0.27399288,0.14825933,73.0,-106.85781677823047,0.7690882710106554
6dFGSgJ103650.7-260919_R_450px,450.0,450.0,3.00572365,0.77781746,-0.00238867,0.10976619,265.50184133,165.50215626,259.4093172,177.2444034,273.10764378,170.70875895,266.28201498,167.64153916,27.7881338,4.67513872,122.78694409,0.40460798,24.99999395,2.00249956,185.68913141,266.99999629,165.00000595,0.99084972,14.33292697,3.79151142,0.45316963,135.7898735,5455.01953125,13.55648233,14.65242696,15.10907439,15.38792942,15.65336613,15.9952744,17.57471355,18.70853511,21.08922115,13.97080526,0.10613022,0.1294528,0.0197505,1.999E-5,0.96310524,0.02052526,1.00081041,0.05854443,94.68836448,0.00121365,0.30075021,0.61857908,-Infinity,1.5598367,0.24113733,0.58392928,0.00380402,6.77296077,80.0,-62.5772308472075,13.228727004949155
6dFGSgJ103719.9-281420_R_450px,450.0,450.0,3.34190898,0.77781746,-0.00989222,0.05628741,170.50041047,141.50104165,170.81116884,141.67393368,171.2836851,142.20796231,171.28671418,142.12135552,2.340456,2.09809282,143.84652932,3.73367228,2.81349228,0.49999995,10.59073671,170.9480761,141.86453571,12.0154094,0.99999492,17.45967423,0.98369112,1.24131625,688.53277588,1.0,1.0,1.0,1.03755011,1.25706338,1.51585788,1.83666555,2.27285086,3.00819503,2.72739718,0.35657094,0.37894881,0.00769256,7.972E-5,0.95409794,0.00120741,0.98492805,0.00362677,13.03864167,0.0,,0.77101248,-Infinity,1.56373464,0.03176665,0.45576944,0.24424933,0.15772662,73.0,-150.91039795166878,0.355615548820048
ESO35710_R_450px,450.0,450.0,6.18226999,0.77781746,0.00202136,0.14174178,214.50024025,218.5002854,214.50330222,218.73357712,215.62216386,217.7717243,217.28070099,218.90911116,13.62156964,9.83663494,115.2791325,0.04812985,65.57016129,2.39024323,8.53340473,214.94196612,217.25320502,0.12688032,39.35640617,1.48997678,0.57920281,113.08471203,1347.81774902,8.22850413,13.81601465,19.16233085,24.55945229,29.90056752,34.99742813,40.75446693,48.06769614,57.06555429,65.84771034,0.54147052,0.28069461,1.0330832,1.0515E-4,0.08736753,6.4562E-4,1.00038472,0.55016251,0.35432032,0.00108666,0.34812606,0.59322214,-Infinity,1.59148944,0.49589344,0.77527075,0.09151027,2.53874647,0.0,-90.75196788891472,0.23331181341896193
ESO35717_R_450px,450.0,450.0,4.29972048,0.77781746,-0.00268719,0.18827888,232.50047049,228.50185656,231.11385142,229.1278485,234.41014974,230.1527504,228.46958279,228.87173466,21.0712294,8.27430192,2.54951728,0.68562389,27.90374776,1.17654083,6.98837266,234.03608215,229.5877252,0.75065877,33.03756539,1.26695029,0.24100622,0.93802889,2467.63427734,7.84895632,12.54008447,16.69198259,21.10823872,25.85943097,31.10092582,36.93090172,43.81581357,54.16712032,52.46636098,0.54333042,0.32111678,0.49643707,7.628E-5,0.1484105,0.0205601,0.96725239,0.25366561,2.89971289,0.019756,0.42076619,0.64989082,-0.45446077,1.56414282,0.32302473,0.75852689,-0.34665828,3.27777377,0.0,-24.29689104449285,1.5213738377639539
ESO35727_R_450px,450.0,450.0,4.88064179,0.77781746,-0.01685052,0.2073697,216.50122259,234.50185783,217.9249801,235.39109599,217.91720393,235.96593283,220.23304526,235.34636595,28.86526006,15.03647183,173.70387049,2.10156614,29.07011773,1.13570717,6.52208757,217.54617191,235.38806578,2.26345111,32.18510262,1.12351017,0.38639916,175.61640264,11638.99316406,8.71933292,13.95855241,18.74648169,23.49054439,28.62846895,34.75428571,42.85474455,54.39734897,73.754736,61.0550141,0.59073735,0.41099179,0.28712824,1.781E-5,0.09470054,0.02766481,0.60550742,0.14000546,2.74938814,0.04070252,0.43877043,0.70076022,-1.64654298,1.56971311,0.2085159,0.63380032,0.45304796,1.47420593,0.0,-148.01228089389667,1.6786393157797699
ESO357-29_R_450px,450.0,450.0,5.36516391,0.77781746,0.04313518,0.19019969,231.49969253,228.50050087,247.08313382,244.07877026,248.00995997,246.45707487,269.22423496,255.77491198,48.42110723,13.11567159,40.21240581,0.78934923,99.03670717,0.69180575,12.11817862,243.85227957,242.16368154,0.71256284,125.01011529,0.81752243,0.187503,38.58832875,22905.30664062,37.33430207,55.47860692,70.46979461,86.41736722,103.8593835,126.42143496,154.58450014,184.19011132,223.00235828,223.10326232,0.52114076,0.33186372,0.52491712,8.3E-6,0.2226252,0.1822875,0.89889425,0.23874131,9.87643883,0.10422982,0.43594996,0.62684845,-1.17640637,1.64545829,0.75771106,0.7304058,0.54445334,3.75748671,0.0,-135.00950934603844,22.03465723868397
ESO35815_R_450px,450.0,450.0,3.61623718,0.77781746,0.00745079,0.16313817,229.50102853,237.50061662,227.31521905,246.93494337,230.91688471,239.99949396,227.76829137,230.69827216,39.77006761,16.71062664,93.38358702,0.40324614,44.79788592,1.05575003,13.13558208,230.65773152,240.09464538,0.39894399,35.40142874,1.22385043,0.67357387,82.96206518,4569.46191406,14.40902809,22.79495782,31.51656061,41.27519922,51.87490398,63.59915522,75.54218251,80.92493726,88.48798959,91.98677738,0.55024358,0.23192702,0.83883086,3.57E-5,0.30235788,0.07995537,0.9951069,0.63727549,10.52784858,0.08153981,0.46868074,0.68374258,-0.34140564,1.59607163,0.402081,0.45012346,0.22586257,3.29252491,64.0,-76.9554756652148,9.684228637771001
ESO35820_R_450px,450.0,450.0,2.91233762,0.77781746,0.00714076,0.15154761,217.50000812,233.50038751,216.72338356,233.88670839,218.24552504,234.53056205,213.35075178,229.73611485,26.87939243,17.88800541,65.9932714,0.94827173,30.58111847,0.78871011,104.72315246,217.58578139,234.06735116,0.87335423,36.77220609,0.92242792,0.48805043,71.75105919,8521.65527344,12.48454511,18.91975534,25.21267406,32.16458383,40.94860913,53.33956342,69.92188446,96.83111876,138.16030669,74.85386723,0.70909943,0.52814413,0.49609201,1.778E-5,0.16153301,0.03043991,0.42003709,0.27458826,1.15879637,0.02576868,0.56372717,0.66487286,-1.72222249,1.57874418,0.28445797,0.65591064,0.56597806,2.27484291,0.0,-26.447397616443045,0.867403902181186
ESO358-49_R_450px,450.0,450.0,5.43930855,0.77781746,0.0375434,0.18471602,227.49996357,217.50082277,232.31895445,221.98528874,230.25872829,224.28072369,213.72286976,243.79809383,33.14937734,16.54596992,11.71078661,0.69473467,69.73530517,0.5000005,18.18288289,229.23924117,223.84751602,0.66526929,70.4943314,0.53557148,0.51419465,7.93354447,17377.91015625,29.53874856,42.94186973,54.12242316,64.72399803,76.42968031,89.93885929,108.4398976,129.50533529,162.80810714,140.8402499,0.47940671,0.32841398,0.66746157,1.063E-5,0.27822769,0.13196661,0.95871339,0.34534563,4.67394,0.04210683,0.46641054,0.65393688,-0.92217381,1.55753142,0.70643523,0.79062976,0.39313636,4.80700856,0.0,-137.05930028876617,6.582788781178611
ESO3585_R_450px,450.0,450.0,3.84371168,0.77781746,-2.9446E-4,0.13356821,205.50059374,226.50076961,214.48216507,230.68501984,216.75040083,230.46067679,225.74824095,229.18794053,34.89614592,26.98201865,176.32976256,0.41909002,45.96081668,0.53682764,5.9184375,217.58723978,229.08669079,0.4214698,45.73282034,0.52620099,0.76131611,10.97766665,6949.55859375,18.8198384,27.55418148,32.54697544,39.59245295,47.1907288,54.1358244,58.33337351,67.70467069,81.86864152,88.17199655,0.39043112,0.2392609,0.6989473,1.922E-5,0.27338023,0.05983822,0.7180831,0.43890871,11.237592,0.0366024,0.52519832,0.64189942,-1.00029234,1.60410399,0.46335513,0.7664944,-1.08734437,3.94377266,64.0,-155.02057135033084,9.908409233733394
ESO35863_R_450px,450.0,450.0,4.75202153,0.77781746,0.06225476,0.15099096,227.50002126,243.50066881,227.37876285,243.92282775,227.76288382,244.65012985,224.95217507,237.78819873,47.92715417,13.21248516,43.12319321,1.57900413,101.75057762,1.43648686,5.67855478,228.30590525,245.06965483,1.89107221,109.25020839,1.34221648,0.19748408,42.93893893,58299.6875,24.74218151,40.9517786,56.09640688,71.43884243,88.19187662,108.17479523,135.14703942,170.54427151,213.35847945,212.87181613,0.61956437,0.38368132,0.18759312,2.59E-6,0.17349793,0.09148617,0.9321052,0.0761902,0.20633479,0.15046553,0.10033559,0.68886218,-1.74964003,1.58891302,0.36176017,0.58359889,0.26949888,1.89310012,0.0,-73.97413366227721,0.439228610882374
ESO35867_R_450px,450.0,450.0,5.35125357,0.77781746,0.00560939,0.12758495,199.50125705,230.50091303,196.16192429,234.8420206,205.05190284,227.80292774,202.07573545,232.68561919,22.30544737,12.04277567,145.67895426,1.93141857,24.66743166,0.4999964,41.95493969,204.11682787,227.32901631,1.45869616,19.24027119,1.74176688,0.75354555,9.84508716,7025.38671875,11.06529815,15.23788033,19.61126552,24.49123696,29.64997048,32.07580019,33.57029639,36.36069315,45.09257901,44.40588177,0.3777076,0.18208081,0.281219,1.815E-5,0.52727795,0.06845368,0.97873134,0.3533144,12.33371098,0.02080571,0.27650909,0.7961302,-0.69139775,1.57517652,0.34661652,0.52143207,0.33648287,2.63947277,64.0,-52.43124838934064,5.476893117116732
ESO358-6_R_450px,450.0,450.0,3.61623718,0.77781746,0.02089952,2.09655046,225.50131783,224.50073222,225.96413388,225.28722393,226.65097905,225.14963869,225.32496022,226.52226417,21.73205785,12.53676504,120.93936612,3.0514499,26.87487,1.20635637,9.38414047,226.21717882,224.70229454,3.36578879,29.19229221,1.16879975,0.43351718,120.2997685,16456.1875,7.84561174,12.56154247,17.04969339,21.45657209,26.18441985,32.06316009,39.9893258,52.36576792,74.72002986,52.80404383,0.62000451,0.45539408,0.15284763,1.2739E-4,0.08420784,1.3504E-4,1.00254576,0.16491006,1.72820322,0.00118946,0.08329548,0.69729732,-Infinity,1.57071767,0.0839264,0.56440043,0.54267908,1.07539377,0.0,-120.4749541219761,0.9125611793388568
ESO359-16_R_450px,450.0,450.0,5.48928517,0.77781746,0.00788635,0.12372085,184.50031871,253.50137408,192.85407438,245.16220407,201.05816119,239.91381537,202.49677809,245.16220407,26.39082353,7.86239978,134.41923429,1.73267879,7.18945012,22.4326665,779.62618354,183.88801698,255.11177279,72.33685787,73.36129809,21.00014661,3.432E-5,134.97447562,9751.30566406,12.33037686,13.2110727,13.59116124,13.93588035,14.31676739,14.81061241,15.83603523,16.89413745,19.2914268,13.37970678,0.10679794,0.12951938,2.3464E-4,1.242E-5,0.9940836,0.03984116,0.97440021,0.0,88.22080818,0.00919089,0.40593967,0.30223176,-Infinity,1.57276735,0.29351256,0.20735117,0.31580824,3.70189828,96.0,135.0500628990027,11.803685451999327
ESO375-26_R_450px,450.0,450.0,3.8021554,0.77781746,0.00707409,0.11716925,198.50073928,253.50032009,206.96283266,247.15846738,203.83904311,253.27871003,214.72393889,227.0768419,23.94324914,13.23275871,133.71142689,2.94694485,26.38974928,0.4999892,117.38824807,195.75097879,256.17972007,63.22265241,36.90696795,21.00000113,7.8897E-4,132.37161274,19517.91210938,13.716943,15.12573776,16.04623114,17.07820839,21.12775494,28.60663318,38.4297544,53.75299079,72.35086278,39.88017479,0.55068607,0.53459036,0.00209553,5.95E-6,0.96755856,0.0125375,0.99094526,0.07843137,26.51640086,0.00853416,0.24177006,0.9318384,-Infinity,1.57085432,0.62143433,0.17471621,0.8058651,2.16786082,72.0,143.1505496744976,10.574787003395118
ESO375-53_R_450px,450.0,450.0,3.04681034,0.77781746,0.00477692,0.41820511,286.5008095,214.50185869,263.8208935,219.89519851,320.61541858,166.89496532,239.62253571,224.61686734,33.52707806,5.21595775,169.2039293,0.90875153,48.99999917,0.49993188,62.18149259,289.6591522,215.33615917,1.34824128,7.18347226,20.99999586,0.87759933,123.09642017,4453.38378906,24.15849395,25.0764439,25.52957454,25.941256,26.42516429,27.18008318,29.04110854,36.38919979,43.81920858,25.89140943,0.16170656,0.21964683,0.08517797,9.371E-5,0.91650383,0.00875315,1.00108282,0.17116324,90.03902396,4.3463E-4,0.11817788,0.70046119,-Infinity,1.55386044,0.57040615,0.48651888,0.57490488,5.67922712,64.0,-13.376621705746219,23.31237234133526
ESO375-68_R_450px,450.0,450.0,3.04681034,0.77781746,-7.9909E-4,0.04176269,190.50150095,273.50054088,202.06762124,258.15097685,244.11910459,305.62971131,226.33197861,257.28180025,32.91503476,14.56307151,118.64374738,0.48976525,37.99999838,0.49998656,47.00488575,190.25946274,274.036043,4.76579787,4.96708595,1.54454348,0.95210631,82.09708651,7262.95068359,19.21844018,19.91319069,20.35303026,20.72192798,21.07122957,21.43270008,21.86979718,23.05279222,27.70037387,20.45293653,0.06358268,0.11879575,0.03170634,5.73E-6,1.12617456,0.03839026,1.00167544,0.4744142,93.96876495,0.00271487,0.17610025,0.698163,-Infinity,1.57715118,0.44849563,0.58961013,0.26293409,3.91054375,80.0,126.99855754031806,19.219371854298974
ESO375-70_R_450px,450.0,450.0,3.04681034,0.77781746,3.4695E-4,0.04483837,182.50115705,286.50095709,183.03770272,286.8823062,183.38657987,287.40649595,183.30893337,287.44399131,4.13015346,3.64454535,148.03063353,43.70199006,2.00058377,49.99993668,106.3822542,182.99924285,286.98014484,8.79427543,0.99934346,21.00000864,1.00016554,11.61886181,10583.06835938,1.0,1.0,1.05961354,1.21833581,1.3979293,1.60673113,1.85998243,2.19110381,2.70476683,2.47456549,0.34066295,0.28664462,3.0388E-4,4.12E-6,0.05874163,0.00548836,0.76289129,0.0060285,26.60110041,0.0,,0.74509897,-0.31779372,1.57195313,0.02180988,0.48451694,0.18800787,0.28714892,65.0,-144.59673988464382,0.6582616498730384
ESO417-20_R_450px,450.0,450.0,5.99334008,0.77781746,0.00322735,0.14822367,225.0,225.0,146.61652471,287.60272813,149.8559262,262.33854914,142.53394852,298.22036595,50.61607294,10.98413634,144.54739491,0.19380931,41.99999971,0.56389358,235.23329071,234.99999688,226.0,0.10205238,68.15795073,2.75752019,0.63887902,2.49107719,14630.66113281,22.09245996,22.76140625,23.2407198,23.72719695,24.8245163,25.43848259,25.94188475,27.39691528,30.25739163,22.62846869,0.08050258,0.08595069,0.25668287,1.013E-5,0.72128439,0.14627621,0.97892671,0.89359784,443.31262329,0.00200057,0.53278033,0.39846492,-0.38119598,1.55925822,0.28434372,0.75328003,-0.22033257,4.03132084,112.0,-38.61340094383738,100.314858160976
ESO418-13_R_450px,450.0,450.0,4.20246628,0.77781746,-0.00156366,0.26752558,231.50037429,228.50075281,225.2862311,230.07019196,215.70565038,237.09624891,219.6424404,232.27187968,31.48529268,12.05628102,159.48417436,1.57227498,38.49320627,0.504568,9.73592556,215.02396601,236.90713455,1.26521877,36.54453723,0.94043478,0.42331281,163.46466454,9609.27734375,16.08669596,24.50487915,31.95567028,36.15890298,37.7794733,39.68574763,44.88408014,52.16468894,62.89214084,67.98085001,0.32812406,0.22134048,0.47745312,2.783E-5,0.4494838,0.0257691,0.99999444,0.38582619,9.42804905,0.00620729,0.34951231,0.70399623,-Infinity,1.60290223,0.39272433,0.71673608,0.3465117,1.62222182,0.0,-14.17416714845677,6.409267885755433
ESO418-8_R_450px,450.0,450.0,4.20246628,0.77781746,-0.09062076,0.17102017,210.50054231,231.50037169,211.86259082,231.37177303,210.88660372,232.72991006,207.06008512,231.88973408,29.14662363,25.29472323,41.40856964,1.44320299,32.16232029,0.89446661,28.46479674,210.91328356,231.67312498,1.37631413,33.59116045,0.95304638,0.83019309,56.26712015,16841.27539062,11.4577604,17.87280468,23.87609179,29.42606947,35.88128308,43.96648864,57.75696373,76.0767682,97.76244484,62.48100881,0.62905935,0.43530409,0.48242541,1.015E-5,0.23429374,0.05235971,0.99128836,0.40145684,2.18963479,0.01421274,0.48216712,0.66613016,-0.87343242,1.56243844,0.36641345,0.71593098,1.20639974,2.46119396,0.0,174.60637210393443,1.3681059019487765
ESO418-9_R_450px,450.0,450.0,4.20246628,0.77781746,-0.01298484,0.25623733,231.50028999,229.50084977,232.63360634,230.54481341,232.52730719,230.67873933,235.76281652,234.25360675,25.45452104,21.50205014,18.12031403,0.84242021,38.1186612,0.86547566,6.28261778,232.0687328,230.27535354,0.96081376,37.93192577,0.77013188,0.7374383,4.88876794,10881.57128906,12.34073781,18.9926083,24.86539916,30.18023461,35.60478546,41.90604839,48.62236798,57.47909055,72.81137478,67.64191637,0.48092528,0.31069086,0.58387439,2.355E-5,0.15912749,0.00457428,0.99999385,0.32505642,2.27797413,0.00333578,0.35043394,0.64917161,0.18981089,1.56800313,0.35082765,0.79220484,-0.3985211,2.67478201,0.0,-137.35002479935403,1.5408653512943133
ESO437-25_R_450px,450.0,450.0,3.34190898,0.77781746,-0.00340946,0.0590224,223.50134757,226.50049311,225.37883507,227.17500699,223.1553025,226.44896738,223.0454504,226.68782297,17.35747462,12.21367872,118.27345074,1.63427671,19.4243373,0.96629767,13.26174758,222.61131369,225.95135001,1.86949362,25.35146777,1.016801,0.35508445,122.58510689,5686.26757812,6.68921149,10.41805079,14.01555829,17.68543729,21.82447977,26.60442352,33.41095388,41.86080333,49.70414874,42.99641996,0.60402109,0.35744874,0.09701368,1.038E-5,0.11959547,0.02547417,0.98811371,0.06364342,4.6398648,0.01047548,0.22765057,0.70333784,-0.41474648,1.57017093,0.13231037,0.60710247,0.39117576,1.77710824,0.0,-160.23845820792437,1.9949757609978414
ESO437-2_R_450px,450.0,450.0,3.34190898,0.77781746,-0.00374968,0.0581439,234.50169426,228.50054515,240.32566707,224.56919506,235.25446859,229.93454738,236.30002211,231.2420539,22.37698153,17.03098349,117.96046016,1.54175534,18.82743002,0.50844536,649157.58064562,234.00000071,228.99999804,1.16235334,25.00832953,1.2139253,0.50495924,62.20669117,5053.47851562,8.6457258,12.27055506,15.99393773,19.79389811,24.34844713,30.01804307,37.73566932,48.43664105,53.25444941,52.02029869,0.59630981,0.33988463,0.20183878,1.15E-5,0.17869438,0.06126699,0.94390486,0.24564997,13.50756527,0.02877662,0.32266059,0.79772499,-1.07404091,1.57418012,0.16202249,0.49742889,0.08526067,2.27855577,64.0,145.9795115735809,7.026675801669125
ESO437-3_R_450px,450.0,450.0,3.34190898,0.77781746,-5.8936E-4,0.25657186,205.50018112,232.50051247,204.89110079,233.31495887,205.45467649,233.83995929,204.16084383,232.68329688,10.53177959,5.48595581,56.70012095,1.56085266,13.07481717,0.57545883,908.10460308,205.10235929,233.61344961,1.68992939,16.10705588,0.63583556,0.30647768,55.24683466,1574.58886719,5.34020132,8.11549347,10.36477806,12.5953758,14.93519266,17.94651691,22.10370892,28.75738012,40.72334058,30.16881861,0.54943439,0.43563257,0.14253471,1.6287E-4,0.12833034,0.0041909,0.99880855,0.04122643,3.37105108,0.00223554,0.24918372,0.68166769,-Infinity,1.59948166,0.56204145,0.71396233,0.86184583,1.266592,0.0,-53.20917659445603,1.0170062865419747
ESO500-46_R_450px,450.0,450.0,2.90054396,0.77781746,-0.01001297,0.12160318,210.50064175,222.50069033,210.7029936,222.88690785,210.93657981,223.21647537,210.41032967,222.3406753,7.28914603,5.44826369,173.83596559,0.8696537,11.68203632,0.75931355,7.81077616,210.57744015,222.70585366,0.89649262,13.2118009,0.78795248,0.56245577,170.51010726,975.22924805,4.00125134,6.2643158,8.15498715,9.92210114,11.95485993,14.09474211,16.8040881,20.79302801,26.92199653,25.74467988,0.5210441,0.35256277,0.4621298,1.2464E-4,0.09394744,0.00174466,1.000406,0.25128842,1.69361723,4.555E-4,0.42255615,0.68942555,-Infinity,1.57103013,0.20646411,0.76003999,-0.30677109,1.7533933,0.0,-117.65149698389493,0.43601633450294075
ESO501-18_R_450px,450.0,450.0,3.34190898,0.77781746,0.0014742,0.06215952,226.50050374,225.50027653,226.4482071,226.51056067,228.14442563,225.48718759,219.7908043,235.81946705,25.16662342,18.15996233,146.2414727,0.13059862,101.19471023,2.08936986,23.70085993,227.08317967,225.29658907,0.50520056,47.22305982,0.90453952,0.66542454,149.75562195,9287.30859375,16.17225608,25.56783872,32.73202375,39.67217553,47.39503844,56.78500003,70.5214756,90.97564787,127.5939942,100.06224776,0.55123114,0.43009735,0.40089395,6.69E-6,0.37452439,0.1046623,0.96428577,0.35515987,1.01100745,0.04715404,0.26843517,0.75160379,-1.18466333,1.59769393,0.43809614,0.48976035,1.00174525,3.61245402,0.0,-87.03676952173242,1.01163678367821
ESO501-22_R_450px,450.0,450.0,3.34190898,0.77781746,-0.00149216,0.05850419,213.50041049,219.50047588,214.95275583,220.39564757,219.95012128,197.97440557,237.18318617,226.60421098,20.69380253,5.24897154,16.91305742,0.11219859,96.99999989,1.17974443,52.78646698,234.16191223,225.88533756,0.38610961,29.19444256,1.38647966,0.24437473,4.45080089,1347.83105469,16.57551971,20.35790432,21.96535657,22.86589938,24.77352997,29.30769532,35.20267058,43.74846551,57.59672263,49.52078956,0.33222976,0.36640988,0.29262213,4.337E-5,0.68335571,0.04260996,0.99969261,0.26955917,3.44513811,0.00800137,0.28022173,0.73242152,-Infinity,1.54610512,0.32592273,0.61067079,0.11273404,1.9537985,0.0,-148.35186278054545,1.706059594855093
ESO501-39_R_450px,450.0,450.0,3.00572365,0.77781746,-0.0082,0.11010624,223.50101306,227.50166659,223.16088401,227.80732186,223.14658537,228.2768554,224.45645234,229.52014251,7.50014676,5.09419344,19.00683646,0.77946055,9.65482015,0.99469877,20.69677314,222.68217689,227.82418426,0.74111941,10.84178701,1.10654929,0.55859577,13.93912622,640.91833496,3.50685681,5.26038485,6.84733874,8.64626383,10.60471875,13.03424637,16.44543257,20.9970419,29.73196394,22.13781329,0.6011406,0.44772444,0.48883079,1.7169E-4,0.10736723,0.00241533,0.99696651,0.26590139,2.0656451,0.00210882,0.49142809,0.67941156,-Infinity,1.5765668,0.20086196,0.73537932,0.03125676,2.4215222,0.0,-41.94429087002415,0.45728865581016703
ESO501-42_R_450px,450.0,450.0,3.00572365,0.77781746,0.00226051,0.15025093,225.0,225.0,275.98584594,269.70391409,283.11912235,266.67759981,276.66001627,275.70499891,43.55228012,20.65327108,28.10108649,0.07335036,2.99935621,49.99984999,145.68004357,225.00000733,224.99999602,0.07335036,3.70718273,49.99985006,0.47421791,28.10108649,2.65175486,1.84728256,2.26699251,2.66186426,3.12297184,3.70718273,4.14921716,4.44657312,4.66897596,4.8483623,2.93285819,0.31377155,0.11655107,0.11265503,0.05293488,0.42695369,7.443E-4,0.99994391,0.1034632,2312.02885375,0.0,,0.1130997,-Infinity,1.5724743,0.01885411,0.73551618,-0.81270576,0.91449229,65.0,-138.75601780597714,67.80852764353105
ESO501-45_R_450px,450.0,450.0,3.00572365,0.77781746,-0.00723489,0.10600369,233.50061917,224.50140384,233.29801489,225.30551731,235.5348218,225.12009015,233.86536105,224.41973114,15.10883097,10.45039426,2.51785231,0.10396281,58.7717082,4.76955899,21.83305374,234.99999969,224.99999336,0.19307627,34.79385555,3.29821011,0.93908333,166.42699614,2575.47900391,3.7351394,6.83827524,9.92434747,12.85789772,15.91174389,19.30399712,23.30734245,28.61058208,37.22349837,33.69456419,0.62158012,0.36909941,0.40903741,4.115E-5,0.1706633,0.0282697,0.86629952,0.32314107,2.46106409,0.01814475,0.55455297,0.77164146,-1.24381451,1.57460852,0.21617517,0.39204794,0.35134747,2.39913176,8.0,-75.85812154481513,0.8292448172341914
ESO501-53_R_450px,450.0,450.0,3.00572365,0.77781746,0.00907344,0.94350791,225.50053417,221.50149621,226.00407472,222.24120845,225.51900384,221.96823197,225.04760799,221.65855246,2.8481753,2.08718216,36.90688962,1.63779634,15.36493668,0.9431579,51.50827403,224.77014916,221.26731836,1.85033511,20.67221281,0.95533378,0.35809172,39.16050185,4255.61083984,5.69194075,8.85292012,12.26865463,15.69013782,20.0892693,25.08113347,34.21922118,42.93348251,53.18010331,35.73122117,0.68570957,0.42278504,0.15972243,2.2163E-4,0.32955919,0.0010144,1.00105256,0.11983653,2.50434672,7.0304E-4,0.20452972,0.66668729,-Infinity,1.57006076,0.15643921,0.64779136,0.06075701,2.04141044,0.0,-124.2440941016396,0.8948336624759375
ESO501-59_R_450px,450.0,450.0,3.00572365,0.77781746,0.01566781,0.1138452,212.50062576,228.50071964,216.2691035,231.49443718,211.90006611,229.45902422,212.6316492,235.16765306,18.70294354,12.25957471,32.44410247,1.47357839,22.07329934,1.00772585,16.05512607,210.99999652,228.99999881,0.36498118,32.87395006,3.04963054,1.00028694,25.08351376,6602.31640625,7.40086103,12.47669299,16.99149434,21.53751042,26.96820405,32.87350315,36.59788645,44.92929898,57.50862904,47.85919658,0.55643015,0.32888099,0.36877731,1.724E-5,0.45429537,0.08062678,0.97016688,0.43223503,10.05632292,0.04675308,0.30368575,0.79412553,-0.43331803,1.5761452,0.3409495,0.21265294,0.74969464,3.08208736,64.0,-141.5360091041321,4.812875355354557
ESO501-60_R_450px,450.0,450.0,3.00572365,0.77781746,-0.01443295,0.11007448,215.50003268,281.5005384,219.47386985,237.96671285,238.36540529,281.51161494,211.3763932,237.77719542,49.76534548,8.27590781,98.6596829,0.1768965,73.14632596,0.49999951,26.2734729,212.59357783,228.99009862,0.3823067,30.56025297,1.40387446,0.21464959,111.70324669,2373.13549805,37.25824498,48.81379559,51.86474369,53.44055208,57.1507339,64.02458986,78.39351574,81.45118076,87.34752083,89.53360581,0.22235481,0.18422877,0.59389052,4.635E-5,0.40610948,0.08822437,0.99345063,0.66974192,48.82503951,0.04373658,0.51607513,0.69643777,0.08260998,1.62277424,0.4994546,0.65113951,0.24702385,5.02766003,64.0,95.21559633303106,43.71481841288495
ESO501-65_R_450px,450.0,450.0,3.34190898,0.77781746,-0.00171886,0.0595497,262.50138667,191.5009527,239.36866354,205.88217604,215.00339651,222.20472094,214.76199557,220.34377824,35.38125159,15.4493378,153.95810821,0.70162671,54.66721369,0.4999929,31.1061824,215.02941655,221.48293894,0.38272063,54.7579302,1.69640195,0.58845934,157.22915532,13059.77832031,27.56258497,29.80407958,30.4569692,31.07116004,31.98076366,35.23770126,45.10210304,56.921444,76.51422073,58.27849938,0.28100019,0.37885333,0.10599874,4.56E-6,1.09362675,0.2504279,0.91886345,0.16697549,46.73871345,0.05607089,0.28862661,0.68381954,-0.69203673,1.54609072,0.52244886,0.5420155,0.2159769,2.15393184,64.0,-31.868518872228197,27.23862081978816
ESO501-68_R_450px,450.0,450.0,3.00572365,0.77781746,-0.01919852,2.10111809,218.50099131,220.50075194,218.99448374,221.07480752,219.74767097,222.07518029,220.94519243,223.89896451,15.50994107,10.41120089,113.33138198,0.08660572,105.67870127,3.26154702,13.97026148,219.0000006,221.9999995,0.07706046,118.94879091,3.46428956,0.56448184,114.76771946,7916.54833984,10.99118547,19.54514981,27.39741316,36.53482438,48.03348403,63.00383428,83.28796018,99.98030321,146.98395226,90.80077228,0.70887545,0.48572583,0.61537369,2.6539E-4,0.18656401,0.00400772,1.00113052,0.51455928,0.83371196,0.00227339,0.20267614,0.68293235,-Infinity,1.61219725,0.479961,0.44854452,1.2920541,2.55466528,0.0,-130.68431993938523,0.7570169003374156
ESO501-82_R_450px,450.0,450.0,3.41746921,0.77781746,0.00217644,0.6059534,225.0,225.0,318.82774266,168.77997045,288.36791583,194.99590026,293.43447333,177.9440982,32.14864576,14.62784419,178.0937486,7.20518717,4.1880115,9.49425922,173.00317382,225.00476512,224.98569574,0.11733758,45.49819769,1.47106787,0.38891718,10.99277299,1034.55810547,2.98764546,4.38410187,5.38661682,6.30491643,6.92188674,7.63629302,8.17756243,8.5305189,8.79106501,9.80878937,0.28909481,0.103817,0.04076112,5.8371E-4,0.84191161,0.00738817,0.99876362,0.52129881,1115.13875725,5.086E-5,0.25498348,0.56657799,-Infinity,1.5813538,0.14176711,0.72593969,0.0959481,2.19335234,112.0,149.07065693071903,109.38161186997593
ESO501-8_R_450px,450.0,450.0,3.67883693,0.77781746,-0.00918517,0.09742915,205.50055045,223.50090459,206.1671875,224.64027148,206.54048216,224.7667596,205.44430271,229.09260397,8.1847491,7.36207658,80.81435503,0.18055552,54.84618286,1.57529152,15.77365081,206.24224792,224.57268123,0.40144546,37.53647536,0.89124045,0.77534035,81.48170964,4771.31640625,11.04079657,17.73463877,23.66560771,28.84780253,33.86236153,39.14712318,44.9727689,52.69768577,67.52827797,61.71624662,0.4729692,0.29976843,0.54978831,2.042E-5,0.16193919,0.02231467,0.99265568,0.34293262,2.13892028,0.01070063,0.32982891,0.67190632,-0.42478488,1.62770839,0.37527225,0.64141198,0.19856778,2.62540469,0.0,-120.33165847791946,1.3200613116294941
FCCB729_R_450px,450.0,450.0,3.29013607,0.77781746,-0.00905315,0.25697279,210.50023744,232.50199515,210.57533621,233.33371408,210.60269774,234.14621647,211.75712978,233.90731688,17.9062995,7.17267687,162.53299968,0.37375569,28.89201342,1.83413841,6.85089804,210.15649135,233.72196851,0.31052948,34.4005015,2.18804589,0.33261363,161.79155104,1694.97119141,6.23838781,10.50177182,14.77511202,19.41115011,24.18908901,29.74136732,36.33126994,46.3111191,61.09236384,42.73231565,0.6444227,0.40236742,0.74270238,1.5156E-4,0.115957,0.00100258,0.99859722,0.36227739,1.95426459,0.00453056,0.54673317,0.61312572,-Infinity,1.56578845,0.47447717,0.71197724,0.91277533,4.12773475,0.0,-95.15944234920477,0.8351025109385344
IC1885_R_450px,450.0,450.0,4.01827799,0.77781746,-0.02045627,0.09283052,238.50016359,229.50024391,238.31690976,229.47101835,239.32012636,230.72094915,238.32878617,229.29442741,29.30157698,12.4718052,45.95681407,0.77780789,40.56394557,1.25637762,8.21910431,238.93215425,230.35463247,0.99846191,39.82686725,1.0520827,0.33506046,46.02804841,6479.70751953,11.066209,17.68090513,23.51209519,29.4285734,35.54802084,42.69079679,51.46345927,63.34025596,86.54550298,72.1396802,0.55417532,0.38642908,0.32723632,1.433E-5,0.16577792,0.05649463,0.42838401,0.21880018,0.2572366,0.02733344,0.39027098,0.70645117,-1.19333329,1.58223984,0.21517642,0.6669241,0.80600824,1.98510187,0.0,9.061297373332843,0.18556966230229077
IC1904_R_450px,450.0,450.0,5.99334008,0.77781746,0.00160077,0.14473958,230.50079504,226.5005817,230.79065521,226.58319238,232.23749506,227.41607309,231.20561303,226.61092405,25.40324492,13.04655281,16.18652436,21.30713849,4.89289029,49.99999672,229.52640613,232.00000128,227.00000022,1.6673707,31.76634497,2.44129833,0.55565744,1.0252086,14158.56640625,6.2308845,10.9041582,15.83531788,20.70679519,25.71534667,31.74337568,39.30634632,48.57826788,62.07371762,60.4170899,0.64884988,0.38271537,0.2153117,1.022E-5,0.12053705,0.00800605,1.00038778,0.21219552,0.49886954,0.00807687,0.1602942,0.79838767,-Infinity,1.60059448,0.24334334,0.40083513,0.50188829,1.8087051,0.0,-164.092350871395,0.301402459516329
IC1913_R_450px,450.0,450.0,3.48278782,0.77781746,-0.00520599,0.14270556,211.49994322,221.500532,212.17385684,223.47961258,212.36481235,223.09604706,213.68400174,225.68355522,38.23203907,10.26776691,58.16207432,1.33538761,43.45734264,1.09648369,6.13734782,211.808079,222.5311199,1.3811235,50.90566165,1.12816098,0.18755867,58.63922016,8137.91113281,12.85714542,20.10002072,27.62360473,35.15635944,42.88236997,51.19376815,60.51452284,72.07530443,92.46456331,87.34123983,0.55458998,0.33369654,0.27913251,1.753E-5,0.11827032,0.03609575,0.87975139,0.12963868,2.3936853,0.07634274,0.3409333,0.70381027,-1.22601394,1.55483082,0.33389768,0.68008114,0.10667701,1.56373678,0.0,-108.80466029479612,2.0906744149567418
LEDA662179_R_450px,450.0,450.0,2.36967407,0.77781746,-4.3638E-4,0.07191473,152.50198218,178.50113938,165.9564251,188.4839837,207.00416749,119.44194996,171.29371074,181.90578995,28.39753308,6.64641338,38.70613311,0.23202724,28.00000075,0.49999958,82.35904157,152.40622782,179.25640587,1.07147385,8.13884328,20.99999357,1.00005857,48.45464816,4364.19140625,15.08558838,15.3715813,15.60607484,15.8303752,16.06847073,16.34777046,16.70496026,17.29797171,19.62231113,15.23338068,0.05127664,0.08677561,0.04722735,1.639E-5,0.95812241,0.02367272,1.00062752,0.5069041,109.97876319,0.00152227,0.27200442,0.7669388,-Infinity,1.5637715,0.37198578,0.4315982,-0.53636631,3.55561478,80.0,-143.42555260631218,16.75348366772995
LEDA83102_R_450px,450.0,450.0,7.99268255,0.77781746,0.00381247,0.12085655,152.50034732,190.50136183,150.69724258,191.3292989,142.64279112,197.97081693,154.80040202,191.61324024,10.93532303,5.44120647,177.31881975,170.83608259,4.52876255,0.49990029,259.79541111,153.41889137,191.44363119,212.00449841,2.20556853,0.76736609,1.01674169,7.09335563,17801.18554688,1.62982009,2.23888037,2.81087578,3.54633802,4.29483225,4.93664846,5.72554586,6.84254037,8.78735382,7.98306204,0.48518648,0.31091191,0.00559397,6.75E-6,0.98704307,0.20005764,1.00011506,0.046141,24.85391494,0.0043691,0.16186281,0.87799377,-0.31705077,1.5594981,0.11816275,0.2431945,0.11339064,0.98491766,65.0,-24.663311154586836,1.984103448737154
LEDA83120_R_450px,450.0,450.0,4.31756213,0.77781746,-0.00247484,0.04495613,274.50007188,225.71523116,274.71652872,225.3255016,276.24371117,238.4525096,274.75844713,236.19707197,1.18892088,0.96427112,92.75625827,1.47457689,6.78182575,1.74416886,20.41905615,276.0067861,220.95432071,23.76751233,5.22142181,21.00000519,0.04039044,137.78056231,1304.15856934,3.56917742,4.30354489,4.75790602,5.0836933,5.35456047,5.61778943,5.91147895,6.35705068,7.55015787,5.76661979,0.16942934,0.1492322,0.00237335,3.347E-5,0.71562808,0.00446161,0.93753255,0.01758242,7.73079696,2.4303E-4,0.16658341,0.8466173,-Infinity,1.56838335,0.07897667,0.35316126,0.10314717,1.07346466,8.0,119.04791012031544,0.44580566788744913
LEDA83155_R_450px,450.0,450.0,3.04681034,0.77781746,-0.00346782,0.04257879,247.50221595,290.50210503,249.46020695,290.92256046,249.99701683,291.38447576,249.99904175,291.39330448,2.2624223,2.21938089,132.23329816,3.98935407,2.78076126,0.4999999,13.36459804,249.03535408,291.0050438,11.55657817,1.06209207,4.0543935,0.60004698,3.0276122,897.26635742,1.0,1.0,1.02834291,1.16271648,1.31742075,1.50217011,1.73695907,2.07675665,2.84232975,2.58338583,0.31738561,0.33394996,0.00284758,4.598E-5,0.99541942,3.3059E-4,0.99945672,0.00119525,77.51943726,0.0,,0.71738911,-Infinity,1.57367622,0.02595115,0.54567977,0.39338297,0.21828802,73.0,-167.8804587940844,2.0026261569992467
LEDA83201_R_450px,450.0,450.0,3.04681034,0.77781746,0.01652905,0.0443888,154.50087661,222.50027902,154.7607389,222.64306569,154.86382187,223.22776413,156.10381143,222.75302172,9.99944338,8.96001783,139.18372655,0.44644517,24.62319756,5.79858817,15.24514091,154.34823301,222.72013426,0.35823887,25.31930352,5.9759035,1.00046282,8.98696794,3775.45800781,2.09282623,3.48494011,5.69029856,7.87533136,10.60706153,13.63334778,17.23003221,22.3439016,31.10935335,23.9153756,0.80696369,0.4672959,0.08655688,1.175E-5,0.06976025,0.0080436,0.97643461,0.18588057,1.23981775,0.00644666,0.21946248,0.74840387,-Infinity,1.5615397,0.56629236,0.31368264,0.79273,0.82624554,8.0,-151.21250237992118,0.29650707056279674
MCG-05-08-020_R_450px,450.0,450.0,3.77002933,0.77781746,-0.00316521,0.1310665,218.50177003,233.50092709,219.57878755,233.9588573,219.65375728,234.20690855,219.71970456,234.26693154,17.20372694,11.12026245,144.28740396,0.0859673,70.99997853,7.76881279,38.35017227,219.22569714,233.78236274,0.07421134,106.63042853,6.19464297,0.4437514,144.74207169,4338.16699219,3.13072852,6.49125714,10.63181043,14.76375402,18.47768069,21.82745304,25.54607884,30.20410314,38.48314506,36.60582262,0.66773713,0.3186231,0.21691968,3.02E-5,0.06942133,0.01054387,0.95856337,0.09742237,3.19710791,0.02930789,0.42310975,0.70613496,-0.79548871,1.56627903,0.22811213,0.43394064,-0.10877649,1.78833759,40.0,-156.96559738187605,1.1703276531030067
MCG-06-09-023_R_450px,450.0,450.0,3.58200316,0.77781746,-0.00809174,0.19945711,219.50102462,227.50020262,219.97409654,227.67366541,220.47480104,227.96779683,221.22084015,227.27892764,23.45141901,21.65581933,65.00709811,1.75101396,20.72303237,0.69628213,156.32798101,220.59281063,227.20284115,1.4098035,23.79415818,0.89435329,0.87485679,65.50210191,8969.30664062,8.4251294,12.63924964,16.62872379,20.83826242,25.96778375,32.67016672,41.15335081,52.02062918,70.76744777,51.65739209,0.61445431,0.43539865,0.50376453,2.224E-5,0.14467672,0.02740317,0.42279561,0.28747172,0.97541005,0.01243395,0.66595605,0.68347517,-1.55658493,1.57453308,0.23684671,0.63512038,0.02074151,1.67045033,0.0,-159.86336708743264,0.5038713933208223
MCG-06-23-043_R_450px,450.0,450.0,3.04681034,0.77781746,0.00381068,0.0446694,228.50072857,228.50032053,228.21934163,228.68214558,228.42361609,228.13554018,230.05295759,228.7563083,10.89112249,8.93288862,87.07155567,0.78593146,20.74708277,1.31110334,10.46306175,227.89688705,227.54284831,0.8339332,20.43086965,1.33925675,0.75910926,80.98961749,3890.48168945,6.00377931,9.72512511,13.37331238,17.20050555,20.96848077,25.62668067,34.19520866,42.50240961,51.30330109,34.11153588,0.64051836,0.38857834,0.13676095,1.148E-5,0.28912625,0.00352409,1.00038905,0.15598474,0.98213355,0.00121414,0.19123053,0.69266595,-Infinity,1.57005797,0.11127566,0.54346866,0.60307426,2.21928489,0.0,-32.869511555088856,0.3350208333970644
NGC1288_R_450px,450.0,450.0,3.48278782,0.77781746,0.01684005,0.14543134,243.50107341,222.50091651,243.65762079,224.03102641,244.71471431,223.61425915,244.71561526,223.68667496,41.51525254,35.44338438,89.08660306,0.15264506,162.99998878,4.31722419,33.31224747,243.99999862,222.99999861,0.14828784,175.39002223,4.05067976,0.9259727,101.67558408,44491.16796875,12.35964793,24.09166787,34.64516089,44.39819667,53.8726614,63.39805321,73.63900003,85.15241962,101.41941245,107.93816827,0.54833013,0.27475266,0.29628943,3.27E-6,0.19933344,0.11810794,0.51882839,0.27897128,1.42498001,0.06829032,0.11781211,0.77670517,-1.78945779,1.54966706,0.31497309,0.32683144,-0.21242756,2.17605037,0.0,-95.84167379744216,1.5380973273050436
NGC1310_R_450px,450.0,450.0,4.88064179,0.77781746,0.026615,0.21821402,215.5000734,217.50080923,229.65465445,204.11092719,216.1729442,219.20344463,216.37146774,216.21388186,55.5773171,28.93017383,139.34178727,1.88918104,57.45236385,0.5690144,43.01862501,216.13531201,218.74802335,1.45304236,44.06819565,1.19344967,1.00277909,101.04292232,38857.5,23.89373264,35.35184787,46.52868601,58.74106031,70.94854684,85.97855656,106.56359021,115.65042482,129.80607124,128.68732055,0.51473511,0.2623515,0.48229432,5.62E-6,0.40830981,0.18861333,0.54357526,0.48959887,15.1408709,0.14068097,0.32765991,0.81324432,-0.18912251,1.59405884,0.37040133,0.1755199,0.91980036,3.3350578,64.0,136.59025695705864,19.484381071672086
NGC1341_R_450px,450.0,450.0,3.29013607,0.77781746,0.03265704,0.26729739,225.0,225.0,204.28953111,187.02423932,218.66840637,224.92244623,223.32757611,216.67644925,57.70007465,20.09292888,68.49790748,1.83062172,80.21130237,0.4999264,36.51842589,217.17464791,221.44263134,2.21009165,42.40248887,1.67144287,0.60666132,58.77285992,46985.7421875,35.14576497,47.56865655,60.89684941,70.0063413,74.84900852,76.02239686,78.16565571,93.92023692,123.56848811,112.65488217,0.29543829,0.21772168,0.37671843,5.69E-6,0.62892005,0.2104267,0.60293561,0.45186594,38.39691952,0.12541599,0.25852796,0.80464077,-1.19437405,1.55900655,0.45595146,0.42660351,0.97775867,1.92681748,64.0,61.393706064042426,43.25600444872702
NGC1365_R_450px,450.0,450.0,3.8523013,0.77781746,1.16981304,0.63413066,217.50095398,222.50062218,218.17833412,223.40196686,217.58138601,221.32215486,216.50139959,218.0039891,14.69119171,12.63131903,111.45565375,7.90152802,44.07865033,1.62490598,64.71517835,216.99999732,219.99998825,3.89755443,66.23586582,2.41229005,0.81883524,144.79683203,249157.296875,13.15851008,22.11893927,32.69716076,45.7634471,63.62828616,89.50525381,127.52685712,151.69613168,179.12674478,204.16908904,0.83621021,0.44951021,0.0,2.55E-6,0.5507369,0.19720042,0.14840121,0.13154312,0.55224048,0.19874227,0.02689591,0.80282776,-1.41315628,1.48214853,0.80306646,0.20493744,0.75849136,2.0091472,0.0,-126.92565874212242,1.1275043619563991
NGC1436_R_450px,450.0,450.0,5.35125357,0.77781746,0.06801411,0.14940731,225.50051116,224.50058166,226.27526069,224.58341537,225.80228738,225.80027491,228.32699369,225.72778214,39.1241575,26.09384431,63.40297761,0.21723668,216.9999896,2.88218893,23.68568884,225.60841935,225.50609348,0.92917481,94.08340662,1.4329097,0.64338627,60.28995353,62757.953125,22.420633,38.75502734,52.7669003,65.51563256,77.35368429,88.45998144,102.11794462,120.59387459,145.68175963,156.60191272,0.4929972,0.27492417,0.30958784,2.38E-6,0.11661919,0.05651628,0.02455131,0.13969967,0.49754508,0.05815969,0.04513345,0.75097124,-1.7131096,1.60335308,0.29078191,0.46941642,0.11582775,1.57585346,0.0,-173.8973040737527,0.779165103009369
NGC1437A_R_450px,450.0,450.0,5.43930855,0.77781746,0.01321548,0.17859229,224.50080305,227.50046962,228.03280477,228.12455968,226.66249475,228.99534973,239.00046469,251.04445104,25.53564396,19.27834144,173.59931894,0.26718384,62.63184146,1.24751191,7.01789408,226.69657701,229.12172381,0.32023714,57.11905701,1.1026716,0.72640315,175.08780656,9892.296875,17.41758883,28.28376815,38.43688982,48.87231299,58.31780731,69.63221613,86.45208499,108.45160992,136.79334935,116.36136461,0.58369873,0.3702638,0.85716193,1.805E-5,0.26923317,0.09138026,0.9921091,0.54679102,3.08239339,0.05167119,0.44303296,0.65164462,-0.54963438,1.58594455,0.50057049,0.72811118,0.59615093,5.98588015,0.0,-169.97950368737432,3.5867150086219364
NGC1460_R_450px,450.0,450.0,5.35125357,0.77781746,0.03920231,0.13230754,184.50015905,173.50000357,206.9206039,200.8455518,208.6332075,202.01128901,225.25730946,219.75462838,37.05097832,20.26460847,47.09366016,0.0144039,195.99974519,6.87673738,572.32264449,187.99999732,173.00000206,0.06828322,197.95600337,3.34135836,1.00359998,142.66586429,41053.5,30.73490759,35.71570374,37.18561007,38.28704335,39.82286205,47.16400553,62.52935016,84.0808978,112.24319602,99.65873819,0.37183813,0.45002755,0.29249613,3.22E-6,1.03608985,0.80276722,0.79130134,0.31345876,35.48286764,0.08457537,0.27468489,0.81262057,-0.79324169,1.57706331,0.56196281,0.37897224,1.11292729,1.92690365,64.0,-129.34811329533244,35.361778168965834
NGC1492_R_450px,450.0,450.0,6.6467675,0.77781746,-6.839E-5,0.12707284,223.50024104,227.50003302,222.46946704,228.87965674,224.47252802,227.92849717,221.56066416,228.39267981,17.93285735,13.01329062,115.19070086,3.80158525,18.81001722,0.63485832,12.08080302,224.04984476,227.4558192,4.42111814,16.15724514,0.54474334,0.85748894,109.75669603,9845.109375,6.81694947,10.24396303,13.34455874,16.25829789,19.02486448,21.95609595,25.14283049,29.75675375,39.00511094,34.7208691,0.46311755,0.31179995,0.15407609,1.29E-5,0.16432709,0.02375509,0.99735763,0.18055469,4.96003216,0.00463355,0.29960297,0.78853323,-0.34772658,1.56785383,0.10755375,0.59848298,0.22575085,1.75669416,0.0,-53.23506905251936,1.7221662660331696
NGC3249_R_450px,450.0,450.0,2.36967407,0.77781746,-7.7238E-4,0.06995741,222.50092667,225.50030133,223.18254432,225.93196815,223.05955055,227.18673485,228.70156457,232.81559026,14.97535276,13.85949726,168.51556666,0.15750717,82.74599096,2.53150678,10.639113,222.4366492,226.83268939,0.30937392,49.98466338,2.02053086,1.00014408,124.74469878,14568.72753906,13.71640162,23.58516701,33.47697219,42.19751707,54.96245524,70.74604166,95.29754543,110.54679805,129.63395886,81.85018069,0.67090721,0.37265266,0.30607293,4.8E-6,0.72194221,0.10333455,0.95121599,0.34326863,0.98571294,0.06585342,0.36460236,0.75199389,-0.64867263,1.57051961,0.25207855,0.21105795,0.68117475,2.96984491,0.0,-147.65401786347635,0.8068078236360897
NGC3312_R_450px,450.0,450.0,4.98840495,0.77781746,-0.00314682,0.11754449,297.50008395,208.50023151,297.57923512,208.56971104,297.75203392,208.85934046,297.92828921,209.28901093,4.35321472,3.87841654,29.67245866,10.37995554,3.63232628,0.5000113,17.27104063,297.49476717,208.68854237,55.01642033,2.1918935,0.53925531,0.77719108,174.57984458,3067.31103516,1.0,1.0,1.08470429,1.37904893,1.70192976,2.06503247,2.49108213,3.0383786,3.95095607,3.84879214,0.48264189,0.36576057,0.00559763,3.777E-5,0.34873342,0.02097028,0.92309521,0.01524379,2.73644438,0.0,,0.75953723,-Infinity,1.57417101,0.04331212,0.49311247,0.31522353,0.38990645,3.0,-138.72308003005264,0.10532004937995594
NGC3336_R_450px,450.0,450.0,3.34190898,0.77781746,-2.1534E-4,0.1045309,223.50046457,226.5002958,217.0841481,230.5096895,226.05035428,226.86193322,232.83541029,226.76644368,41.68257021,29.60616307,1.20302786,0.81202264,57.46003427,0.910463,10.20056791,225.99999994,227.00000351,0.29591917,78.48250178,2.59364031,0.81835705,40.81980475,22257.56445312,17.34375824,29.22656204,39.32634675,48.5308677,57.74923179,69.2057483,82.1180761,92.72257483,109.77479724,107.94049528,0.50140775,0.27895643,0.31365321,4.7E-6,0.4043413,0.19025731,0.95615631,0.34284053,7.00941747,0.15158501,0.22161015,0.754596,-0.46021445,1.5567809,0.44387746,0.10509466,0.89501928,3.36438055,0.0,-32.000219539958934,7.565999926301411
sn2004gi_R_450px,450.0,450.0,3.34190898,0.77781746,-0.01465088,2.22647977,223.50072882,224.50026873,223.73347788,224.16816538,224.37984888,225.07823472,220.92756196,220.19816771,10.5929267,10.34207122,50.62973666,0.10439734,65.84481577,2.69197625,18.020358,224.0000009,225.0000072,0.11431667,59.09212275,2.7383642,1.00006604,10.54828187,7328.41162109,11.19022279,19.68762207,28.17788833,38.95838333,56.27972412,69.75713178,101.69795263,113.46353451,134.75259973,74.61751878,0.76066304,0.37918519,0.50577231,3.0379E-4,0.42535744,0.00986185,1.00051544,0.69960538,0.5434951,0.00714495,0.1501884,0.65468118,-Infinity,1.59648429,0.42678698,0.44149235,1.17327146,2.69274837,0.0,125.0240478853982,0.40554255018690233
TSK2008846_R_450px,450.0,450.0,4.01827799,0.77781746,-0.00202962,0.13310464,225.0,225.0,248.82759927,270.55322268,210.71543944,223.69266536,212.22735715,229.27451761,81.71240006,11.26593287,47.8884124,0.33732739,140.6871525,0.49999556,33.16867979,210.06508139,222.91518506,0.32770068,97.76992464,1.28495794,0.18796319,43.60759939,11996.41015625,68.69880533,76.44730982,77.45897587,78.9413771,86.10830835,109.19346267,145.71242877,178.87901335,192.57320222,195.465762,0.36919718,0.34955079,0.51147575,1.109E-5,0.86433464,0.19610558,0.97066742,0.51310897,26.3005971,0.16694376,0.40017573,0.69698839,-0.69223422,1.65537981,0.61773475,0.598071,1.06255261,3.89942982,64.0,-117.61279050862285,51.408662533714775
UNKNOWN4_R_450px,450.0,450.0,3.34190898,0.77781746,-0.00328654,0.06170123,208.50117176,223.50087911,209.19921005,223.86354005,209.6437065,224.4009325,210.18825959,226.66431944,12.15907076,7.67891071,84.41748608,0.9786482,13.8329662,0.74982293,23.71576441,208.99302286,223.75297302,0.94870283,14.7010523,0.83153034,0.56881649,83.10419872,1355.96069336,5.05120284,7.67046104,9.96667682,12.24464929,14.58982561,17.57495481,21.39674335,26.87686537,36.30435714,30.05551725,0.54455715,0.39590865,0.27169863,4.549E-5,0.08351778,0.00668518,0.97602442,0.16179974,2.61724316,0.00550608,0.37368936,0.72670282,-0.21800786,1.57364843,0.12833466,0.67672913,0.32030807,1.66733001,0.0,-152.5461810616729,0.7866259668405409
