ID,Galaxy,RA,DEC,redshift,distance(Mpc),cluster,selection,U_AUTO,F378_AUTO,F395_AUTO,F410_AUTO,F430_AUTO,G_AUTO,F515_AUTO,R_AUTO,F660_AUTO,I_AUTO,F861_AUTO,Z_AUTO,e_U_AUTO,e_F378_AUTO,e_F395_AUTO,e_F410_AUTO,e_F430_AUTO,e_G_AUTO,e_F515_AUTO,e_R_AUTO,e_F660_AUTO,e_I_AUTO,e_F861_AUTO,e_Z_AUTO,JClass,best.reduced_chi_square,best.universe.redshift,best.sfh.sfr,best.sfh.sfr100Myrs,best.stellar.m_star
1,2MASXJ10283402-2655294,157.141816433168,-26.9249939374376,0.06804,305.93,Hydra,Sample,17.576105,17.519773,17.276262,17.005913,16.260775,15.756207,15.315265,14.8645315,14.764163,14.389842,14.133611,14.0786705,0.08985522,0.14194965,0.16606615,0.12367506,0.05808688,0.014545495,0.02101039,0.006138514,0.0063901767,0.0045262184,0.007249739,0.0051467954,0,0.513850475843857,0.06804,2.13291625314765,2.22703735873241,358429749083.349
2,2MASXJ10463276-2631418,161.636531459225,-26.5282156736418,0.08407,376.88,Hydra,Sample,17.557007,17.467594,17.21486,16.647783,16.394987,16.11364,15.794126,15.431832,15.255337,15.010039,14.813811,14.76994,0.09334454,0.13870971,0.16127607,0.09208117,0.06704039,0.019837823,0.032888684,0.009715503,0.01068632,0.0074939677,0.014656478,0.009624104,0,0.296110786292154,0.08407,0,0,316596876345.469
3,2MFGC8182,158.279160418025,-26.423122242748,0.01011,49.79,Hydra,Sample,17.045113,16.408184,16.381193,15.936775,16.056519,15.598065,15.325001,14.920661,14.747678,14.622907,14.4121475,14.395102,0.063689925,0.05913663,0.084337935,0.053589683,0.05551657,0.014479393,0.024326826,0.0073672873,0.0071764276,0.0063274265,0.010586405,0.007782099,0,0.490076998070201,0.01011,0,0,6933003317.29312
4,6dFGSgJ102924.3-262712,157.351101062923,-26.4533889746783,0.03296,-99,Hydra,Sample,18.552473,18.041782,17.774076,17.775284,17.152555,16.732807,16.40915,15.889506,15.786278,15.459118,15.238176,15.151042,0.10486503,0.10934775,0.12519197,0.11945328,0.063028574,0.017186666,0.027620664,0.0077037467,0.008041048,0.0059492667,0.009773996,0.0067425454,0,0.253036683803783,0.03296,3.98293364789581E-08,6.65241975301728E-08,8237692866.43934
5,6dFGSgJ103650.7-260919,159.211418839875,-26.1552265034195,0.0123,59.48,Hydra,Sample,16.231081,15.790229,15.513775,15.391099,15.281809,15.146222,14.964564,14.701012,14.370365,14.482109,14.39077,14.426578,0.025264734,0.028946804,0.033971097,0.029758193,0.025484852,0.007349474,0.016241273,0.004599571,0.0050255107,0.005149237,0.012602609,0.00894816,0,0.198444606101449,0.0123,0.361822582487643,0.368459003866539,5097672624.21874
6,6dFGSgJ104617.1-282524,161.571297029008,-28.4232098222482,0.012035,-99,Hydra,Sample,16.46774,15.97954,15.882585,15.83535,15.568752,15.389556,15.158236,14.7136,14.117701,14.463329,14.310206,14.219333,0.010095082,0.011802992,0.01720777,0.015158386,0.012010964,0.0038939633,0.007265132,0.002378696,0.0019025286,0.0024646048,0.0045317193,0.003327005,0,1.23025693463367,0.01204,1.47531861538966,1.50237838576811,21156325532.1153
7,ESO437-11,159.21051228225,-27.919270683639,0.01611,76.28,Hydra,Sample,15.847928,15.382141,15.014973,14.917995,14.719512,13.878214,13.651847,13.022392,12.884741,12.554687,12.369035,12.24382,0.0136051765,0.016050672,0.018811373,0.014791108,0.012692294,0.0017216745,0.00418723,0.0010082669,0.001108632,0.00082247116,0.0015105607,0.0011795782,0,1.27601273612349,0.01611,8.49515340630351E-39,1.44403955867959E-38,154519407339.636
8,ESO437-13,159.224915298572,-27.9171495664867,0.01179,57.18,Hydra,Sample,16.09376,15.619161,15.3698,15.112848,14.909162,14.118431,13.922681,13.27026,13.138512,12.813846,12.641481,12.507395,0.013182321,0.01542933,0.020091446,0.013702711,0.0117311245,0.0017244209,0.0042231744,0.0010316618,0.0011395277,0.0008423284,0.0015417588,0.0011905307,0,0.791298564592134,0.01179,3.77161844613739E-39,6.41114524480129E-39,68602439430.4584
9,ESO437-25,159.667509799531,-28.5688545283236,0.01154,56.04,Hydra,Sample,15.5944805,15.203369,14.991416,14.604988,14.496275,14.233376,14.036737,13.562219,13.318775,13.206263,13.048131,12.988483,0.010220034,0.012889323,0.017359694,0.010544755,0.009822454,0.0021893731,0.0055203363,0.0014678214,0.0014846054,0.0013223675,0.0025337548,0.0021057748,0,0.251837290399122,0.01154,0.020370468774288,0.021305309339356,30470688101.9154
10,ESO501-13,158.375194511151,-26.8975427906392,0.01174,56.99,Hydra,Sample,15.614545,15.172449,15.300423,14.498603,14.293782,13.706673,13.477132,12.868419,12.72392,12.418207,12.235558,12.118365,0.021760827,0.02417383,0.039649334,0.018258438,0.014114607,0.0033517757,0.0058539123,0.0015456971,0.0015719503,0.0011875054,0.0019960408,0.0013426637,0,0.061751388356357,0.01174,5.05552164870041E-39,8.59357436096147E-39,92707520054.8536
11,ESO501-18,158.653905584971,-27.6529635077991,0.00985,48.6,Hydra,Sample,15.304817,14.851878,14.780622,14.438689,14.284367,13.907385,13.808395,13.223394,13.026315,12.892343,12.793272,12.711424,0.016114373,0.019161038,0.029515518,0.01845872,0.01644739,0.003098309,0.008940844,0.0020004427,0.002084077,0.0018859567,0.003946423,0.0032431586,1,0.309459050079511,0.00985,0,0,29030409244.6958
12,ESO501-51,159.371095682216,-26.3169238774366,0.01117,54.49,Hydra,Sample,14.795773,14.312356,14.258944,13.734104,13.582095,13.096093,12.920833,12.253594,12.140011,11.83431,11.743425,11.571433,0.021770982,0.023866415,0.03426017,0.020788055,0.017126938,0.0035290571,0.007945567,0.0015443569,0.0020484063,0.0014559011,0.0035807416,0.0021025455,0,0.201413329053424,0.01117,0.073879243025055,0.077269705662986,111366636515.984
14,NGC3336,160.071233000594,-27.776980505615,0.01334,64.07,Hydra,Sample,14.096862,13.612358,13.250742,13.358393,12.911804,12.7049055,12.552882,12.091648,11.957394,11.815189,11.763054,11.43092,0.0060704597,0.0071028178,0.0084484825,0.008532601,0.0056540803,0.0016421102,0.0034026264,0.001016704,0.0010779959,0.0011049359,0.0023430493,0.0014225969,0,0.989422595860177,0.01334,0.099743509068827,0.104320933349682,147812790543.966
15,NGC3311,159.178862713698,-27.5282524711344,0.01276,61.48,Hydra,Sample,15.053917,14.544264,14.668665,13.921887,13.807776,12.974265,12.788093,12.081397,11.946446,11.611955,11.439164,11.322499,0.015497859,0.017497644,0.03225145,0.013927366,0.012874427,0.0016316506,0.004300165,0.00089106226,0.0009801302,0.00073757867,0.0014207656,0.0011263228,0,0.271097565612962,0.01276,1.44365117544573E-38,2.45397499794536E-38,264734936570.3
17,2MASXJ10295304-3522307,157.471086745125,-35.3751573837219,0.00612,31.79,Antlia,Sample,16.3699,16.0123,15.954312,15.598665,15.687867,14.900132,14.721399,14.045104,13.934622,13.654419,13.575821,13.402803,0.02098396,0.027409717,0.042896368,0.027903035,0.026423449,0.003737221,0.0093619805,0.002034178,0.0023054434,0.0021775211,0.0045003085,0.0032768366,0,1.29494371023392,0.00612,0,0,7326021595.73028
18,ESO375-61,158.117206863476,-36.5340033469462,-99,131.6,Antlia,Sample,16.887987,16.266481,14.851248,14.732664,15.189552,15.235946,15.193491,14.849058,15.135927,14.75535,14.80196,15.078235,0.053026978,0.054394342,0.024546774,0.019831045,0.026290728,0.007784577,0.022456914,0.0063888063,0.010413106,0.009134735,0.021483094,0.023737235,1,9.85697822782896,0.031,6.1780650610607E-08,1.03187965657773E-07,12391638909.0175
19,ESO375-68,158.578990861944,-34.4030126538683,0.00882,43.79,Antlia,Sample,15.490177,14.916088,17.907843,14.673867,14.461661,14.213054,14.084734,13.42028,13.21799,12.980895,12.843523,12.694605,0.011723968,0.012735701,0.3265094,0.014250405,0.010929894,0.002520022,0.006493408,0.0013867551,0.0014618288,0.0013249925,0.0026686278,0.0018596427,0,23.4400121079258,0.00882,0,0,50303830854.8677
20,LEDA83155,157.729206753654,-34.8900302516484,0.0137,65.35,Antlia,Sample,17.816916,17.434095,17.11648,17.125597,17.019548,16.772564,16.581642,16.302689,16.027714,16.056925,15.977338,15.894599,0.041470032,0.053327337,0.066067845,0.056119137,0.047339857,0.010597991,0.026397584,0.007626883,0.007534321,0.008734221,0.019085476,0.014055473,0,0.288251408803471,0.0137,0.041726154263613,0.042562671973944,1634508090.18324
21,MCG-06-23-034,157.295886404139,-35.6877916964259,0.0072,36.55,Antlia,Sample,16.217228,15.684622,15.450713,15.346368,15.144114,14.9570675,14.831063,14.429088,14.182089,14.217433,14.101373,14.038594,0.01701011,0.017607573,0.023528028,0.017658494,0.013652072,0.003444407,0.008719071,0.0025860688,0.0027405939,0.0033706734,0.006488627,0.0055850097,0,0.256514568122497,0.0072,0.126347117949115,0.131476739007409,2535121858.31058
22,LEDA744203,159.338570922793,-28.2335001126964,0.01033,50.71,Hydra,Sample,18.843506,18.007933,17.841354,17.763027,17.420635,17.20998,17.02979,16.733007,16.677588,16.480694,16.448214,16.42246,0.09031598,0.07603371,0.10706342,0.08548216,0.06413481,0.014156736,0.037667487,0.011000095,0.012987875,0.011163062,0.024742484,0.021449793,0,0.944764277680262,0.01033,5.31043581584465E-105,1.07231148784472E-101,508981383.475614
23,sn2004gi,159.853811455431,-27.9126254572185,-99,126.6,Hydra,Sample,13.651249,12.960654,99,12.378663,12.968016,12.888472,13.440886,12.741505,13.2831,12.600511,13.528647,14.35992,0.014758983,0.014164125,99,0.011695403,0.020584436,0.0049948134,0.026548004,0.005229315,0.010707065,0.0059613027,0.032396782,0.062063117,4,91.4324519710532,0.029,0,0,20499331974.0476
24,MCG-06-23-043,157.607507799104,-35.1080019113026,0.00594,31.02,Antlia,Sample,15.626003,15.182486,14.491829,15.320004,14.77869,14.588245,14.344165,13.881537,13.7241,13.520476,13.384691,13.308455,0.015029783,0.018385973,0.016135648,0.029133877,0.01651008,0.003944445,0.00927135,0.0023170407,0.0025358922,0.0023920578,0.0048903525,0.003645428,0,4.14190519618586,0.00594,1.9557045711916E-29,3.3179513273571E-29,6507048589.5163
25,NGC1341,51.9916666666667,-37.1494444444444,0.00626,26.17,Fornax,Sample,13.54954,13.06272,12.83459,12.676024,12.6168165,12.481507,12.300162,12.013892,11.738399,11.82745,11.71491,11.572036,0.009483792,0.009853778,0.012017886,0.011200356,0.010323551,0.0037358364,0.006392655,0.002022864,0.0018035901,0.0019279132,0.0035110493,0.0024555654,4,0.209489005156927,0.00626,0.999575777041216,1.01790964114382,13957893367.5696
26,2MASXJ03262503-3707417,51.6041666666667,-37.1277777777778,0.00741,31.22,Fornax,Control,16.662582,16.085598,15.749945,15.636636,15.54416,15.593397,15.2674055,15.115872,15.004521,14.860816,14.705028,14.758466,0.04564759,0.041853637,0.04402404,0.04092033,0.03517622,0.015316165,0.022611666,0.008494284,0.008671986,0.00805923,0.015198267,0.012309884,0,0.528595445029263,0.00741,3.68983061972212E-09,6.16286995212568E-09,740086875.47202
27,2MASXJ03352407-3621496,53.85,-36.3638888888889,0.00672,28.31,Fornax,Control,16.70858,16.325724,16.245363,15.913537,15.780458,15.508821,15.3048725,14.932604,14.795578,14.626194,14.435277,14.474009,0.037992768,0.04129269,0.056083906,0.039655972,0.03326859,0.009837092,0.018256232,0.005744174,0.0067840293,0.005982286,0.011424497,0.010154956,0,0.153895453730722,0.00672,0,0,1609694665.95795
28,2MASXJ03451407-3656123,56.3083333333333,-36.9366666666667,0.00672,28.31,Fornax,Control,16.379215,15.960876,15.042204,15.4342,15.506693,15.178624,15.187978,14.604118,14.573864,14.357215,14.229978,14.135763,0.03312821,0.041451477,0.0314292,0.040426217,0.04194626,0.009963783,0.024756845,0.0058565456,0.0066806483,0.006653329,0.015753312,0.010545908,0,1.91210751079082,0.00672,6.42821684996766E-09,1.07366078699291E-08,1289338024.8732
29,2MASXJ03494903-3556440,57.4541666666667,-35.9458333333333,0.00442,18.4,Fornax,Control,16.720974,16.037712,14.987089,15.342359,15.699444,15.356301,15.153076,14.750265,14.668012,14.456652,14.323579,14.530445,0.042626254,0.037450433,0.030125536,0.028957948,0.038402297,0.008766944,0.03128985,0.0054441136,0.010999616,0.008474864,0.014308096,0.01843674,0,3.45802640767622,0.00442,2.369581848649E-09,3.95774936011592E-09,475278300.626689
30,6dFGSgJ033312.8-360103,53.3041666666667,-36.0172222222222,0.004024,-99,Fornax,Control,16.58648,15.96018,16.062206,15.4229555,15.512808,15.670805,15.293396,15.262402,15.105086,14.8503065,14.710664,14.847288,0.059906024,0.051991034,0.083495885,0.04450422,0.04568492,0.019750763,0.031403933,0.013269136,0.015184459,0.012698765,0.02568544,0.025154442,0,1.7383965949414,0.00402,3.5489350408944E-08,5.92754177079847E-08,7118267791.56196
31,6dFGSgJ033612.9-360959,54.0541666666667,-36.1663888888889,0.004953,-99,Fornax,Control,17.368587,16.802317,16.265514,16.163641,16.111177,16.163162,15.736922,15.61657,15.4313345,15.276168,15.126545,15.167925,0.07452965,0.06838497,0.061306585,0.05339738,0.04815319,0.018938905,0.028818905,0.011259786,0.012626055,0.011464534,0.022899764,0.020507868,0,0.880490865385559,0.00495,2.96956751831371E-08,4.95986410097118E-08,5956202797.99593
32,6dFGSgJ034033.9-350123,55.1416666666667,-35.0227777777778,0.00726,30.76,Fornax,Control,16.555183,16.008923,14.849368,15.013154,15.369387,15.532144,15.261476,15.094288,15.005061,14.763663,14.697306,14.184965,0.03886247,0.04139683,0.023214605,0.024653248,0.03295123,0.014894718,0.025536638,0.010046671,0.010538394,0.011001813,0.026866244,0.013031891,0,5.96776822996301,0.00726,3.68444763785197E-09,6.15387912825343E-09,739007185.197972
33,6dFGSgJ034432.9-351146,56.1375,-35.1958333333333,0.00232,8.98,Fornax,Control,17.132065,16.420366,99,99,16.406328,15.985285,16.038744,15.568311,15.462867,15.238819,14.854396,15.120991,0.047465764,0.043522872,99,99,0.06116349,0.016284557,0.03742516,0.011201979,0.011589443,0.012257587,0.02234699,0.022093691,0,66.8611286456712,0.00232,0,0,78557516.1365907
34,ESO301-8,50.5958333333333,-37.3975,0.00469,19.17,Fornax,Control,16.386984,15.7983675,15.47455,15.18917,15.265323,15.208696,15.003,14.733044,14.580518,14.243693,14.15703,14.118804,0.056041427,0.050737217,0.053872257,0.042837396,0.042924725,0.016952354,0.027876725,0.009364264,0.009190171,0.0071937465,0.014483548,0.010805772,0,0.838243967932955,0.00469,3.08360739986882E-09,5.15033706079309E-09,618493801.193287
35,ESO358-19,53.6291666666667,-34.2975,0.00418,17.02,Fornax,Control,18.343044,16.235212,17.661236,15.632773,16.709032,15.231166,15.1016865,14.682499,14.572171,14.42446,14.208594,14.259836,0.3114881,0.039559744,0.23845842,0.03427668,0.08737708,0.014104714,0.02620447,0.007832085,0.007930917,0.0077934368,0.0138287125,0.012372745,0,10.5237728660587,0.00418,0,0,1342034475.26317
36,ESO358-27_NGC1379,54.0166666666667,-35.4416666666667,0.00442,18.11,Fornax,Control,13.347072,12.925506,12.912774,12.103552,12.075068,11.566531,11.383976,10.842527,10.749874,10.447724,10.31854,10.184122,0.007244369,0.004482435,0.007145207,0.0032418002,0.0030305805,0.0011703891,0.0020692304,0.0005829303,0.00061101967,0.00050959707,0.00094808696,0.0007021383,0,0.220843357512609,0.00442,1.92271779397922E-211,3.95457161860624E-208,34387247535.0375
37,ESO358-37_NGC1382,54.2875,-35.195,0.0058,24.26,Fornax,Control,14.9273205,14.378765,14.539337,13.585468,13.909747,13.266884,13.047035,12.601008,12.463569,12.190523,11.98753,11.9790745,0.018146178,0.009899862,0.018495515,0.007301624,0.009273412,0.0031991415,0.005476865,0.0016385992,0.0016407782,0.0014172777,0.0025067013,0.0020918138,0,0.954835422941766,0.0058,0,0,13249189550.0537
38,ESO358-6,51.825,-34.5263888888889,0.00427,17.27,Fornax,Control,14.395182,13.946948,13.692714,13.459737,13.372935,13.408308,12.950739,12.712742,12.543156,12.4133215,12.31876,12.245123,0.01628543,0.017972335,0.02047236,0.016438998,0.014371409,0.005578985,0.008226547,0.0028795267,0.0024570352,0.003023657,0.0061866115,0.0047476897,0,0.504736003782716,0.00427,0.117088950837893,0.119436327028884,4544884013.04204
39,ESO358-61,56.4791666666667,-36.3569444444444,0.005,20.88,Fornax,Control,14.681675,13.901101,14.833971,14.755777,13.282265,13.450378,13.056521,12.941327,12.831445,12.586765,12.406915,12.475804,0.016519418,0.013294001,0.06461037,0.042012718,0.010586161,0.003822693,0.011520319,0.0025825198,0.0051124343,0.003827565,0.006197727,0.007044548,0,11.1812030327066,0.005,0,0,6927329647.3084
40,IC1963,53.8791666666667,-34.4469444444444,0.0054,22.42,Fornax,Control,14.327597,14.043335,13.871813,13.304283,13.029936,12.645056,12.43898,11.922925,11.806457,11.552978,11.402941,11.301043,0.0082826195,0.005962402,0.008210097,0.004674729,0.0035925193,0.0015193054,0.0026322294,0.0007838776,0.0008164307,0.0006957516,0.0012488181,0.00093695323,0,0.139674081596195,0.0054,6.61755052900023E-08,1.10528388739211E-07,13686732846.9925
41,IC2006,58.6166666666667,-35.9672222222222,0.00461,19.32,Fornax,Sample,13.810641,13.154639,13.088492,12.5535145,12.429878,11.96924,11.7755165,11.239777,11.114317,10.833081,10.698765,10.580621,0.012995054,0.011191032,0.018702915,0.010244437,0.008832858,0.0024048684,0.003944176,0.0009913886,0.0010104786,0.000782861,0.001443884,0.0010294718,0,0.394554700666786,0.00461,8.60967152683073E-08,1.43801413720105E-07,17649544429.26
42,LEDA13749,56.25,-36.3197222222222,0.00449,18.64,Fornax,Control,16.559992,16.823015,99,16.32523,15.157486,15.602941,15.623901,15.25968,14.99551,14.651121,14.474112,14.478172,0.06065183,0.12641653,99,0.11665199,0.0384987,0.017677143,0.078829326,0.013848559,0.024180315,0.016610134,0.027042909,0.029102525,0,54.3003826864292,0.00449,0,0,916267929.204166
43,LEDA74521,52.2166666666667,-33.8463888888889,0.00677,28.35,Fornax,Control,17.372913,16.701675,16.630713,15.745008,15.789756,16.234169,15.747312,15.745543,15.54378,15.428037,15.098247,15.309866,0.052876066,0.05076365,0.075582944,0.031789716,0.031411458,0.015104755,0.023472194,0.010847784,0.01016699,0.011918777,0.022555636,0.021218354,0,3.83228253094565,0.00677,4.40027168073913E-105,8.88526297373935E-102,418035104.175227
44,LEDA74792,54.3916666666667,-35.8291666666667,0.00599,25.13,Fornax,Control,17.2644,17.29176,16.754215,16.7331,16.70916,17.204868,16.841139,16.960901,16.63495,16.683315,16.114294,16.52244,0.0705785,0.111881875,0.10011096,0.09736588,0.0897642,0.05512797,0.08590187,0.041033607,0.032669045,0.04124819,0.05442292,0.067388214,0,5.13772731937868,0.00599,0.016106760481487,0.016590143889566,41406712.4996162
45,LEDA74873,55.1125,-36.4991666666667,0.00449,18.55,Fornax,Control,17.191326,16.44079,15.989173,15.797077,15.8222475,16.016083,15.687099,15.760493,15.531154,15.274374,14.757274,14.95026,0.09589756,0.07448624,0.0721017,0.059970487,0.057830792,0.026945317,0.043348156,0.019853918,0.017284663,0.016487822,0.022807755,0.023141913,0,3.78980265657781,0.00449,9.64853911196572E-10,1.6115290348889E-09,193525337.615147
46,NGC1399,54.6208333333333,-35.4505555555556,0.00475,19.65,Fornax,Control,11.902748,11.437988,11.175399,10.700192,10.6115465,10.056109,9.851261,9.270777,9.166437,8.847087,8.692813,8.566978,0.0029162392,0.0017877694,0.0022788092,0.0014034727,0.0012513171,0.00046179784,0.0008008784,0.00022714716,0.00023898974,0.00019348197,0.0003447448,0.00025276345,0,0.310605809477849,0.00475,2.93697599233829E-17,4.96340684073862E-17,210875360177.065
47,NGC1419,55.175,-37.5108333333333,0.00524,21.9,Fornax,Control,14.749964,14.226063,14.0728855,13.651391,13.567213,13.1038685,12.916393,12.38528,12.290058,12.024871,11.863489,11.77862,0.006972072,0.007838698,0.011591756,0.007365219,0.006686795,0.0015445984,0.0031064858,0.00089667225,0.000975809,0.00094707287,0.0017442207,0.0013925636,0,0.187145645711802,0.00524,7.35531225144185E-104,1.48522383047608E-100,7103626621.80407
48,NGC1428,55.5958333333333,-35.1536111111111,0.00547,22.88,Fornax,Control,14.855936,14.485886,14.615437,13.850667,13.7101145,13.21593,13.012263,12.567916,12.478691,12.220638,12.062257,12.026488,0.0057791006,0.007209916,0.012600773,0.0060626217,0.005229597,0.0014585628,0.0026068916,0.0008808316,0.0009555998,0.0008675486,0.0017460019,0.001283726,0,0.309091381012534,0.00547,6.9163391510935E-104,1.39658404370869E-100,6776521562.14648
49,LEDA83201,157.954,-35.2044,0.01347,64.3,Antlia,Sample,20.011898,19.929226,19.715881,18.686668,18.41643,17.650625,17.477919,16.87084,16.78417,16.59489,16.540174,16.46258,0.06638186,0.11384023,0.16260746,0.055042308,0.040450573,0.0069158967,0.015745806,0.004199413,0.0047979783,0.0043022684,0.008566915,0.0060833488,0,2.51978957605974,0.01347,1.01040092101261E-212,2.07815354815053E-209,1801053633.63988
50,ESO375-70,158.967,-34.27,0.01283,61.52,Antlia,Sample,20.96047,20.981014,20.553831,20.135746,19.991156,19.437223,19.213634,18.766228,18.712574,18.524347,18.487202,18.419146,0.1236605,0.22679459,0.26793677,0.15372847,0.12501603,0.022601454,0.05309978,0.013934866,0.016686765,0.015542484,0.034309067,0.025578234,3,0.452495539580836,0.01283,6.34090909358288E-10,1.05907837376409E-09,131145698.685047
51,LEDA83062,157.404,-35.0103,0.0061,31.73,Antlia,Sample,19.413145,19.12616,18.78034,18.55309,18.35837,17.923166,17.780155,17.429098,17.410315,17.258015,17.245201,17.291056,0.053103242,0.07473736,0.09434258,0.06426101,0.050615475,0.011316276,0.026410984,0.00833488,0.010096081,0.008859327,0.019815473,0.014628412,3,0.56554241809224,0.0061,4.13194320464309E-10,6.9013001528245E-10,84245570.221921
52,2MASXJ10280313-3526317,157.012,-35.4422,0.01074,52.21,Antlia,Sample,20.653502,20.405561,19.846695,20.099882,19.666847,19.631088,19.3491,19.13495,19.114191,18.927849,18.97462,18.828817,0.116247,0.15554988,0.15555109,0.16241854,0.101841025,0.029783757,0.06568222,0.023084978,0.029990297,0.030341322,0.06805827,0.05445486,2,0.399293137298436,0.01074,1.00761987185904E-20,1.70284924966907E-20,70825826.4641826
53,2MASXJ10344507-3528144,158.687,-35.4708,0.00888,44.01,Antlia,Sample,21.83881,22.028847,21.02223,99,99,22.399338,21.364267,21.297459,21.569506,20.614061,99,20.925953,0.49240175,1.0607497,0.70808536,99,99,0.55706483,0.65254825,0.2380732,0.39090624,0.1987292,99,0.51890117,2,1.81985447150628,0.00888,0,0,17297394.7627843
54,6dFGSgJ103639.3-34452,159.162,-34.7564,-99,78.3,Antlia,Sample,20.236786,19.95367,20.609255,19.54443,19.141523,18.516026,18.361828,17.876125,17.823755,17.66071,17.60957,17.539148,0.06754024,0.091505334,0.291789,0.09417417,0.061804548,0.011320261,0.027304215,0.007532587,0.008936882,0.008128646,0.017093074,0.0123161,2,1.82946991782892,0.019,0.00482351212973,0.005036363569059,813466452.729633
55,IC2573,155.875,-35.4556,0.01391,66.2,Antlia,Sample,20.381327,20.01531,19.80651,19.221779,19.199768,18.947453,18.746042,18.37227,18.455154,18.290535,18.168999,18.11721,0.121487275,0.14795308,0.20309694,0.10146025,0.09219849,0.022241192,0.053209033,0.015926722,0.022266638,0.023802303,0.04468505,0.03901318,2,0.466387106395071,0.01391,7.65141918236186E-10,1.27796384793531E-09,156003638.022101
56,LEDA83102,157.525,-36.1067,-99,81.2,Antlia,Sample,20.21168,19.926388,19.856937,19.44734,19.318459,19.073608,18.9046,18.684269,18.655249,18.476875,18.455486,18.537394,0.07523183,0.10477331,0.1718391,0.11110765,0.0837329,0.020467624,0.04959833,0.016674645,0.019436195,0.02106537,0.043065164,0.04063093,1,0.387274778105866,0.019,0.006262723107433,0.00638827694499,245325066.887464
57,LEDA83120,157.587,-35.5925,0.00789,39.61,Antlia,Sample,20.930555,20.368048,20.733425,19.547173,19.553999,18.98479,18.844347,18.303478,18.25378,18.09421,17.997332,17.971176,0.13090977,0.14261894,0.3377056,0.105812825,0.093348525,0.016862512,0.04251838,0.01072349,0.012693414,0.013418893,0.02650467,0.021934163,1,0.946509380327451,0.00789,4.15017495684878E-10,6.93175139284688E-10,85835892.9844837
58,ESO358-49,55.0375,-35.6261,0.00676,28.57,Fornax,Control,19.031197,18.858526,18.848764,18.458284,18.181202,17.76146,17.609013,17.240463,17.197092,17.028446,16.988733,17.011099,0.06345053,0.07780082,0.112096615,0.07560848,0.05605055,0.0155316945,0.02899895,0.009473432,0.010068791,0.009629143,0.019559499,0.01646068,3,0.640455934444391,0.00676,8.93527848921711E-106,1.80425902945508E-102,86295292.4082774
59,6dFGSgJ034545.4-362046,56.4392,-36.3465,0.00296,11.85,Fornax,Control,17.780935,16.927654,16.440943,16.334427,16.33643,16.431023,16.413658,16.550192,16.660637,16.690182,16.844952,16.812155,0.019619998,0.015958697,0.021504855,0.013806559,0.013344285,0.005260085,0.017880011,0.0054765693,0.011197431,0.009900259,0.020818023,0.021000922,1,9.71956355103525,0.00296,0.003968505994582,0.004087605670451,10202100.35156
60,ESO357-29,51.3337,-36.3856,0.00333,13.16,Fornax,Control,16.137478,15.782969,15.687857,15.106478,15.022768,14.676646,14.502122,14.150613,14.134513,13.976234,13.941668,13.918537,0.0060997643,0.0074551753,0.0097262785,0.0063580535,0.0057731075,0.0020730486,0.0036144252,0.001416411,0.0016226197,0.0013886191,0.0023953049,0.0017446617,1,0.35641584353608,0.00333,1.47604997354836E-09,2.46534460991116E-09,300949615.08159
61,MCG-06-09-023,55.6887,-33.9206,0.00409,16.73,Fornax,Control,18.142647,17.900005,17.674217,17.04866,16.969433,16.492388,16.330488,15.913405,15.866584,15.741393,15.700711,15.6819935,0.023424683,0.030331504,0.03897187,0.021967085,0.019698663,0.0055203247,0.010278568,0.0035469597,0.003851131,0.0034363505,0.0062912945,0.004682692,1,0.828012418802947,0.00409,5.07204256249528E-10,8.47148336219801E-10,103975210.058694
62,6dFGSgJ040053.2-351416,60.2208,-35.2375,0.015182,-99,Fornax,Sample,19.628775,19.453577,19.136383,18.342754,18.369368,17.926998,17.709028,17.296158,17.267632,17.11091,17.013384,17.088472,0.056736004,0.08429205,0.10715302,0.050331123,0.05036253,0.013238085,0.02532514,0.008327631,0.009409104,0.009669975,0.018568076,0.016977973,0,1.43924544689198,0.01518,1.11218235703423E-104,2.24577785963944E-101,1080109634.45444
63,2MASXJ03235400-3730449,50.9708,-37.5083,0.00466,19.04,Fornax,Sample,18.448368,17.983074,18.012777,17.404108,17.334076,16.92066,16.738445,16.359095,16.306421,16.147919,16.104975,16.044304,0.039377023,0.040010672,0.05814142,0.033914633,0.029966699,0.009061902,0.015408505,0.0052512903,0.005752547,0.004990839,0.009600201,0.006878608,3,0.366630184370537,0.00466,9.61001711569149E-106,1.94050584714606E-102,92811795.1833204
64,2dFGRSTGS471Z004,49.8542,-32.6503,0.1359,599.11,Fornax,Sample,17.66609,17.171309,17.192463,16.671846,16.621483,16.167686,15.970705,15.601293,15.530581,15.378154,15.317983,15.29189,0.016438207,0.017664485,0.02723101,0.017120222,0.01580012,0.0046283826,0.008443769,0.00299247,0.00330391,0.0028421779,0.0050895405,0.0037328792,3,1.15714955372504,0.1359,1.58414537610934E-102,3.19879072853074E-99,9.28E+07
65,ESO35867,57.025,-36.7022,0.01716,74.71,Fornax,Sample,17.954428,17.64407,17.569168,17.100729,17.050854,16.673231,16.523329,16.194479,16.151304,16.002426,15.968288,15.939064,0.020196512,0.026076617,0.039098565,0.024620544,0.022852983,0.0057400563,0.0134086395,0.003952679,0.0053669126,0.004002227,0.008904866,0.005652717,3,0.530268166315229,0.01716,8.29710566527433E-30,1.40764577435873E-29,2787706531.33845
66,6dFGSgJ040520.4-364859,61.3333,-36.8158,0.00275,11.31,Fornax,Sample,18.932957,18.441599,18.404802,17.892881,17.88521,17.622242,17.486664,17.179775,17.190203,17.054604,17.04238,16.97491,0.049077593,0.056724153,0.091572665,0.053609427,0.05139664,0.01367265,0.028975286,0.010011193,0.011604572,0.014006574,0.032739453,0.025719758,2,0.49594662009096,0.00275,1.36016559656387E-106,2.74651882659959E-103,13036575.3603388
67,ESO35717,50.2292,-33.7167,0.01383,59.43,Fornax,Sample,17.712463,17.457043,17.292301,16.72767,16.661957,16.229471,16.086578,15.696105,15.637711,15.51733,15.475246,15.46408,0.02176215,0.027068948,0.034035426,0.0211077,0.019189937,0.0055852546,0.017220687,0.0033763382,0.0037552319,0.0033304063,0.0061646993,0.004688499,2,0.461328904639321,0.01383,1.5808759593606E-104,3.19218894807467E-101,1526781211.56347
68,ESO35815,53.2792,-34.8094,0.00463,18.99,Fornax,Sample,20.250305,20.251154,19.471737,18.867987,18.744883,17.607277,17.407587,16.271332,15.884961,15.298653,14.973389,14.885706,0.186459,0.17351007,0.1402654,0.077229045,0.06579004,0.014615145,0.025540505,0.004895048,0.004333202,0.0029286342,0.00435976,0.0031229719,2,10.5505916033642,0.00463,0,0,669419460.849217
69,ESO35820,53.7375,-32.6408,0.0059,24.57,Fornax,Sample,20.0203,20.09013,19.545584,18.749065,18.41375,17.736591,17.731756,16.789352,16.674189,16.454987,16.349937,16.311575,0.09512705,0.16885142,0.16044272,0.07569555,0.05407063,0.011594243,0.025145497,0.0056491178,0.0059190984,0.0052768774,0.0102741355,0.0073827174,2,1.35667621059932,0.0059,2.66632396176939E-41,4.5323222464627E-41,487084613.085867
70,ESO418-13,54.175,-30.7372,0.01355,58.35,Fornax,Sample,19.461683,19.093159,19.004114,18.318012,18.2378,17.841156,17.58131,17.222458,17.153307,17.004883,16.906368,16.870695,0.06590784,0.08485014,0.12969263,0.059786085,0.051929545,0.011769508,0.024947014,0.008033603,0.009198324,0.009048774,0.019798651,0.014432512,2,0.429472898066529,0.01355,1.96909034757255E-09,3.28883598916784E-09,403657067.129734
71,NGC1310,50.2625,-37.1008,0.00602,25.01,Fornax,Sample,17.839516,17.438604,17.4209,16.961245,16.938667,16.606754,16.415241,16.148603,16.135166,16.02099,16.002966,15.98997,0.022589594,0.024587337,0.03453936,0.023594696,0.021854758,0.0071454057,0.012071699,0.004548388,0.005114223,0.004644623,0.008987983,0.006664885,2,0.412710495517554,0.00602,0.008001197027229,0.008326041071388,161757425.37165
72,2MASXJ03325811-3531462,53.2375,-35.5286,0.01684,73,Fornax,Sample,19.639097,18.804289,19.074745,18.23936,17.93217,17.255714,17.205198,16.481247,16.418802,16.192202,16.088238,16.007969,0.19593115,0.13911982,0.2611726,0.11636857,0.08348879,0.016981792,0.036269538,0.008536017,0.010748054,0.008788058,0.017827496,0.014106406,1,0.849518586677464,0.01684,2.0911707717785E-104,4.2226034159619E-101,2043604791.02306
73,6dFGSgJ032504.2-365540,51.2667,-36.9267,0.006,24.99,Fornax,Sample,19.331167,18.90016,18.352991,17.682133,17.490612,16.408157,16.30764,15.121633,14.824855,14.410426,14.182838,14.101052,0.095647864,0.09953669,0.08705027,0.047246262,0.037565626,0.0065949913,0.011966041,0.0024423162,0.0023673435,0.0017112115,0.0027107028,0.0018695862,1,7.02505125011116,0.006,0,0,3181227613.34449
74,ESO35863,56.5792,-34.9458,0.00643,27.2,Fornax,Sample,20.680046,20.065693,19.878633,19.52607,19.661419,19.597538,19.462212,19.310503,19.370358,19.315178,19.114937,19.195286,0.14328995,0.14217721,0.19680195,0.1320836,0.14450532,0.053119604,0.104605995,0.041679323,0.0500778,0.05989949,0.13070016,0.108367145,1,1.0005226133824,0.00643,0.000509597145312,0.000530286499293,10135756.129047
75,ESO359-16,61.1042,-36.1797,0.00469,19.85,Fornax,Sample,20.421972,20.154808,19.746046,19.031525,18.87838,17.980297,17.9242,16.803804,16.628357,16.311438,16.122847,16.072659,0.1227089,0.16417977,0.18798377,0.09051683,0.07536493,0.01302523,0.027770685,0.005768674,0.0059501505,0.004938171,0.009457998,0.0066364375,1,0.659794765948478,0.00469,0,0,494796044.976942
76,IC1885,46.6708,-32.8642,0.01586,68.12,Fornax,Sample,18.293604,18.059715,17.777248,16.869678,16.647928,16.002003,15.877267,15.146687,15.04299,14.849591,14.753106,14.727895,0.01976116,0.027997095,0.036478225,0.019799862,0.014334543,0.0039296234,0.007406938,0.0023315328,0.0025472343,0.002116608,0.0036879464,0.0031649824,1,2.23456255573754,0.01586,1.36492397929617E-18,2.30668314402293E-18,9854025737.32664
77,NGC1288,49.3083,-32.5756,0.01514,65.09,Fornax,Sample,17.537079,17.172005,17.108181,16.453993,16.38215,15.917236,15.7168255,15.3387,15.28744,15.126318,15.068974,15.05963,0.014828797,0.018906726,0.02824866,0.015832786,0.014285018,0.004098487,0.00741815,0.002875573,0.0031322893,0.0028033296,0.005307124,0.0038522303,1,0.635535460409266,0.01514,1.36853597916447E-08,2.28577138996987E-08,2805453900.53869
78,NGC1484,58.5708,-36.9708,0.00347,14.3,Fornax,Sample,18.775656,18.540691,18.2234,17.356806,17.14737,16.501614,16.429146,15.64691,15.53723,15.326519,15.227619,15.18171,0.037772503,0.06558394,0.06613551,0.029157717,0.023923306,0.005608718,0.011346076,0.0031095669,0.0033308084,0.0030176693,0.005472876,0.004161328,1,1.09333143566124,0.00347,1.57440292562757E-213,3.23817106464285E-210,280639501.711164
79,NGC1492,59.5542,-35.4467,0.01507,65.61,Fornax,Sample,19.565382,19.675201,18.955603,18.456984,18.562708,18.012035,17.847486,17.426153,17.340693,17.213737,17.15335,17.133852,0.082768664,0.1614119,0.13587326,0.07883963,0.08199396,0.017058287,0.03532644,0.010946247,0.0124125425,0.0132786175,0.029454716,0.024152616,1,1.20795488377611,0.01507,4.49544204479066E-105,9.0774360424173E-102,434161605.850143
80,6dFGSgJ103645.4-281005,159.192,-28.1672,-99,201.1,Hydra,Sample,16.117476,15.751463,15.636507,14.98266,14.877829,14.474359,14.283497,13.906847,13.859,13.722777,13.701711,13.677062,0.004005821,0.004934013,0.00677267,0.0039742175,0.003906091,0.001220589,0.0024172082,0.0009416789,0.0010813103,0.0008392772,0.0014453833,0.0011409578,3,1.24540298186073,0.046,4.25167867824505E-07,7.10128606776621E-07,86686838833.2741
81,6dFGSgJ103719.9-281420,159.337,-28.2372,-99,464.1,Hydra,Sample,20.350803,19.91238,19.620787,19.492193,19.270983,19.000032,18.848352,18.499895,18.471424,18.332287,18.314922,18.295336,0.07720488,0.09147789,0.116101064,0.09061586,0.07706862,0.017187832,0.044530824,0.013135479,0.015600105,0.013682332,0.029042078,0.025008027,3,0.664838369029039,0.10101,6.70803202731651E-104,1.35452155965428E-100,6372772116.83209
82,ESO500-46,157.392,-26.3269,0.01306,62.84,Hydra,Sample,18.514599,18.045437,18.126942,17.599339,17.534033,17.227116,17.062384,16.768116,16.718634,16.597141,16.575726,16.556902,0.03564441,0.038991634,0.060063716,0.035237733,0.031072976,0.009990135,0.018321667,0.0066633327,0.007410238,0.0063580703,0.011876885,0.008676457,2,0.723122738625107,0.01306,0.031329072446378,0.032601014951806,633368992.284784
83,ESO437-2,158.75,-28.0789,0.00787,39.84,Hydra,Sample,16.993002,18.121384,18.016682,17.889143,17.800407,17.229513,17.18025,16.490694,16.34439,16.250957,16.1026,16.096018,0.025064498,0.12570766,0.18711391,0.13988611,0.1319926,0.020587763,0.062986694,0.012565196,0.0139276385,0.012901207,0.02605866,0.023051118,2,5.29285142774056,0.00787,0.047840406406037,0.048717878159362,686039748.266507
84,ESO501-22,158.842,-27.6958,0.00968,47.85,Hydra,Sample,19.23147,18.867155,18.877737,18.453781,18.461174,18.14691,18.023573,17.682709,17.665457,17.5629,17.514988,17.48675,0.06913877,0.08194839,0.12990308,0.082401544,0.07651679,0.023569982,0.045097496,0.015068166,0.017028434,0.015140614,0.028735586,0.020968884,2,0.397288116512619,0.00968,0.005215183232122,0.005319736196882,204290554.33284
85,ESO501-39,159.212,-26.0414,0.00795,40.26,Hydra,Sample,20.754671,20.04321,19.763306,19.835426,19.341064,19.521824,19.444345,19.200012,19.260891,19.004332,19.13703,19.069275,0.14382206,0.13848631,0.17256105,0.19646196,0.12582862,0.06700792,0.12767752,0.049337316,0.06307982,0.051606618,0.1173304,0.08529623,2,0.85685593469863,0.00795,1.2365748428715E-10,2.06536579266103E-10,24802569.7129966
86,NGC3312,160.475,-27.5636,0.00963,47.63,Hydra,Sample,19.7954,19.305693,19.621496,18.399445,18.373049,17.796246,17.662216,17.115417,17.046783,16.832924,16.816486,16.78142,0.07772842,0.08310864,0.17746529,0.054195914,0.049445193,0.012414095,0.023050226,0.0071028764,0.007387267,0.0066270544,0.011845323,0.009805263,1,1.60437092591991,0.00963,8.91567013037593E-20,1.50672318160984E-19,645796676.662282
